14313|6914208|467113|7949|6914208|07|CHIAPAS|065|Palenque|0001|Palenque|DISTRIBUIDORA DE PINTURAS ROMERO||467113|Comercio al por menor de pintura|0 a 5 personas|CALZADA|LAZARO CARDENAS||||COLONIA|PAKALNA|||29960|0469|022|9161015921|||2019-11|17.54208268|-91.98958336||CALLE|DOCTOR BELISARIO DOMINGUEZ|CALLE|BENITO JUAREZ|CALLE|18 DE MARZO|07065467113000201000000000U7
14313|7759946|431130|7950|7759946|09|CIUDAD DE MÉXICO|007|Iztapalapa|0001|Iztapalapa|DISTRIBUIDORA CAMPOS DE MANZANAS Y ROMERO|DISTRIBUIDORA CAMPOS DE MANZANA  Y ROMERO SA DE CV|431130|Comercio al por mayor de frutas y verduras frescas|11 a 30 personas|CALLE|NINGUNO||CENTRAL DE ABASTO AVES Y CARNICOS||COLONIA|CENTRAL DE ABASTO|CENTRAL DE ABASTO AVES Y CARNICOS|A 18|09040|2475|024||||2019-11|19.36915644|-99.08708042|CENTRAL DE ABASTO|AVENIDA|CANAL DE RIO CHURUBUSCO|CIRCUITO|SUBASTA Y PRODUCTORES|EJE VIAL|6 SUR|09007431130016003000000000U6
14313|1347852|434225|7951|1347852|11|GUANAJUATO|007|Celaya|0001|Celaya|DISTRIBUIDORA ELECTRICA ROMERO DERRP||434225|Comercio al por mayor de equipo y material eléctrico|0 a 5 personas|AVENIDA|IRRIGACION|130|||COLONIA|BENITO JUAREZ|||38030|1313|008|4616133021|ROMELECTRIC@HOTMAIL.COM||2010-07|20.53687474|-100.81046554||CALLE|PRESA FALCON|CALLE|PRESA DE LA AMISTAD|CALLE|PRESA EL TINTERO|11007434225000181000000000U9
14313|7766596|467112|7952|7766596|11|GUANAJUATO|020|León|0001|León de los Aldama|DISTRIBUIDORA ROMERO PISOS Y AZULEJOS||467112|Comercio al por menor de pisos y recubrimientos cerámicos|0 a 5 personas|BOULEVARD|MIGUEL HIDALGO|6377|||COLONIA|BRISAS DE ECHEVESTE|||37100|2116|008||||2019-11|21.19172974|-101.66555075||PRIVADA|NINGUNO|CALLE|ADALBERTO FRAUSTO|CALLE|PASEO DE ECHEVESTE|11020467112001111000000000U8
14313|6437930|431213|7953|6437930|15|MÉXICO                      |060|Nicolás Romero|0001|Ciudad Nicolás Romero|DISTRBUIDORA MODELO EN VILLA NICOLAS ROMERO|DISTRIBUIDORA MODELO VILLA NICOLAS ROMERO SA DE CV|431213|Comercio al por mayor de cerveza|101 a 250 personas|CALLE|MIGUEL HIDALGO|0||0|COLONIA|HIDALGO|||54475|0749|039||||2010-07|19.61773784|-99.30556966||CALLE|NINGUNO|CALLE|NINGUNO|CALLE|NINGUNO|15060812410000071001000000U7
14313|6355518|431213|7954|6355518|15|MÉXICO                      |013|Atizapán de Zaragoza|0001|Ciudad López Mateos|DISTRIBUIDORA MODELO EN VILLA NICOLAS ROMERO|DISTRIBUIDORA MODELO EN VILLA NICOLAS ROMERO SA DE CV|431213|Comercio al por mayor de cerveza|101 a 250 personas|AVENIDA|SAN MATEO|31||0|COLONIA|SAN JUAN BOSCO|||52940|0895|001||JURIDICO@CORONAATIZAPAN.MX||2010-07|19.56898644|-99.23888025||VIADUCTO|SANTA RITA|VIADUCTO|CERRADA BETANIA|CALLE|EL DORADO|15013431213000011000000000U1
14313|1995410|462112|7955|1995410|15|MÉXICO                      |104|Tlalnepantla de Baz|0001|Tlalnepantla|BODEGA SARABIA|DISTRIBUIDORA CAMPOS DE MANZANO Y ROMERO SA DE CV|462112|Comercio al por menor en minisupers|31 a 50 personas|BOULEVARD|DE LAS NACIONES|62||0|HACIENDA|VALLE DORADO|||54020|0232|015||GPOSARABIA01@GMAIL.COM||2010-07|19.55022397|-99.21402586||CALLE|BERNA|BOULEVARD|BOULEVARD DE LOS CONTINENTES|CALLE|CONSTANTINOPLA|15104462112000863000000000U8
14313|7482344|461110|7956|7482344|16|MICHOACÁN DE OCAMPO       |102|Uruapan|0001|Uruapan|DISTRIBUIDORA ROMERO||461110|Comercio al por menor en tiendas de abarrotes, ultramarinos y misceláneas|0 a 5 personas|CALLE|ALVARO OBREGON|53|||COLONIA|MORELOS|||60000|0247|017|4521235020|||2019-11|19.41935367|-102.05804395||CALLE|PUEBLITA|CALLE|TEJEDA|CALLE|16 DE SEPTIEMBRE|16102461110040671000000000U5
14313|6374951|431211|7957|6374951|20|OAXACA|057|Matías Romero Avendaño|0210|Barrio Nuevo|EDG CEDIS MATIAS ROMERO|EMBOTELLADORA Y DISTRIBUIDORA GEPP SA DE CV|431211|Comercio al por mayor de bebidas no alcohólicas y hielo|31 a 50 personas|CARRETERA|MATÍAS VÁSQUEZ HERNÁNDEZ|0||0|COLONIA|LAS FLORES|||70308|0227|012||RAUL.NARVAEZ@GEPP.COM|WWW.GEPP.COM.MX|2014-12|16.87769372|-95.02502083||OTRO (ESPECIFIQUE)|MATÍAS VÁZQUEZ HERNÁNDEZ|CALLE|NIÑOS HÉROES|CALLE|PRIMERO DE MAYO|20057431211000035001009274S4
14313|6375478|468311|7958|6375478|20|OAXACA|057|Matías Romero Avendaño|0001|Matías Romero Avendaño|DINAMO SUCURSAL MATIAS ROMERO|DISTRIBUIDORA NACIONAL DE MOTOCICLETAS SA DE CV|468311|Comercio al por menor de motocicletas|11 a 30 personas|CALLE|HOMBRES ILUSTRES|701|||COLONIA|BARRIO JUAREZ NORTE|||70300|0458|024||JLLOPEZ@CONTACTOCP.COM.MX|WWW.DINAMOTOS.MX|2014-12|16.87647085|-95.03587869||CALLE|TIERRA Y LIBERTAD NORTE|CALLE|JUÁREZ NORTE|CALLE|ITURBIDE|20057468311000022000012612S6
14313|8703802|431193|7959|8703802|21|PUEBLA|114|Puebla|0001|Heroica Puebla de Zaragoza|DISTRIBUIDORA ROMERO||431193|Comercio al por mayor de conservas alimenticias|0 a 5 personas|CALLE|57 SUR|133|||COLONIA|REFORMA SUR|||72160|360A|010|2222486777|||2019-11|19.06306977|-98.23554487||AVENIDA|REFORMA SUR|CALLE|PRIVADA 3 PONIENTE|AVENIDA|MIGUEL HIDALGO|21114431193000041000000000U0
14317|6762108|326110|7960|6762108|19|NUEVO LEÓN   |046|San Nicolás de los Garza|0001|San Nicolás de los Garza|FLEXA|FLEXAFILM DE MEXICO SRL|326110|Fabricación de bolsas y películas de plástico flexible|11 a 30 personas|CALLE|PUERTO VALLARTA|180|||COLONIA|LA FE|||66473|070A|029||||2016-10|25.72256664|-100.21466927||AVENIDA|CARRETERA MIGUEL ALEMAN|CALLE|PUERTO MEXICO|CALLE|GOLFO DE MÉXICO|19046326110000174001000000U9
14320|6757651|323119|7961|6757651|05|COAHUILA DE ZARAGOZA|030|Saltillo|0001|Saltillo|CREATIVIDAD PROMOCIONAL DE MONTERREY|CREATIVIDAD PROMOCIONAL DE MONTERREY SA DE CV|323119|Impresión de formas continuas y otros impresos|11 a 30 personas|CALLE|MIGUEL HIDALGO|1126|||COLONIA|CENTRO|||25000|0178|002||||2016-10|25.43062275|-100.99450976||CALLE|RAFAEL CEPEDA|AVENIDA|PRESIDENTE CÁRDENAS|CALLE|GENERAL NICOLÁS BRAVO|05030323119002553000008785S6
14320|6806014|323119|7962|6806014|19|NUEVO LEÓN   |019|San Pedro Garza García|0001|San Pedro Garza García|CREATIVIDAD PROMOCIONAL DE MONTERREY|CREATIVIDAD PROMOCIONAL DE MONTERREY SA DE CV|323119|Impresión de formas continuas y otros impresos|11 a 30 personas|AVENIDA|JOSE VASCONCELOS|651|||COLONIA|DEL VALLE|||66220|0492|034||SANPEDRO@PROMOCIONAL.COM.MX|WWW.PROMOCIONAL.COM.MX|2017-11|25.65582775|-100.38651340||CALLE|RÍO MOSA|AVENIDA|HUMBERTO LOBO|CALLE|RÍO SENA|19019323119000331001008785S6
14320|6366154|323119|7963|6366154|19|NUEVO LEÓN   |026|Guadalupe|0001|Guadalupe|CREATIVIDAD PROMOCIONAL DE MONTERREY|CREATIVIDAD PROMOCIONAL DE MONTERREY SA DE CV|323119|Impresión de formas continuas y otros impresos|101 a 250 personas|AVENIDA|BENITO JUAREZ|113|||COLONIA|ZONA CENTRO|||67100|029A|023||||2010-07|25.67983867|-100.25951655||CALLE|LICENCIADO FRANCISCO DE BARBADILLO|CALLE|GENERAL IGNACIO ZARAGOZA|CALLE|GENERAL NICOLÁS BRAVO|19039323119007245001008785M9
14320|6373324|323119|7964|6373324|19|NUEVO LEÓN   |039|Monterrey|0001|Monterrey|CREATIVIDAD PROMOCIONAL DE MONTERREY|CREATIVIDAD PROMOCIONAL DE MONTERREY SA DE CV|323119|Impresión de formas continuas y otros impresos|11 a 30 personas|CALLE|MANUEL MARIA DEL LLANO|736|||COLONIA|CENTRO|||64000|1559|007||||2010-07|25.67802505|-100.30779603||CALLE|JUAN ZUAZUA|CALLE|DOCTOR JOSÉ MARÍA COS|CALLE|ALBINO ESPINOSA|19039323119005492002008785S9
14320|6727466|323119|7965|6727466|19|NUEVO LEÓN   |039|Monterrey|0001|Monterrey|CREATIVIDAD PROMOCIONAL DE MONTERREY|CREATIVIDAD PROMOCIONAL DE MONTERREY SA DE CV|323119|Impresión de formas continuas y otros impresos|51 a 100 personas|CALLE|JUAN ZUAZUA|331|||COLONIA|MONTERREY CENTRO|||64000|1559|007||||2016-01|25.67779330|-100.30818100||CALLE|ALBINO ESPINOSA|CALLE|MANUEL MARÍA DEL LLANO|CALLE|DOCTOR JOSÉ MARÍA COS|19039323119009874002008785S4
14320|6757360|323119|7966|6757360|19|NUEVO LEÓN   |039|Monterrey|0001|Monterrey|CREATIVIDAD PROMOCIONAL DE MONTERREY|CREATIVIDAD PROMOCIONAL DE MONTERREY SA DE CV|323119|Impresión de formas continuas y otros impresos|11 a 30 personas|CALLE|JUAN ZUAZUA|403|||COLONIA|CENTRO|||64000|1559|022||||2016-10|25.67820256|-100.30812624||CALLE|MANUEL MARÍA DEL LLANO|CALLE|SANTIAGO TAPIA|CALLE|DOCTOR JOSÉ MARÍA COS|19039323119009983000008785S3
14320|6373322|323119|7967|6373322|19|NUEVO LEÓN   |039|Monterrey|0001|Monterrey|CREATIVIDAD PROMOCIONAL DE MONTERREY SA DE CV SUCURSAL TAPIA|CREATIVIDAD PROMOCIONAL DE MONTERREY SA DE CV|323119|Impresión de formas continuas y otros impresos|11 a 30 personas|CALLE|SANTIAGO TAPIA|540|||COLONIA|ZONA CENTRO|||64000|1544|025||||2010-07|25.67909258|-100.30935981||CALLE|ESCOBEDO|CALLE|ZARAGOZA|CALLE|MANUEL MARÍA DE LLANO|19039323119005312001008785S9
14320|6373323|323119|7968|6373323|19|NUEVO LEÓN   |039|Monterrey|0001|Monterrey|CREATIVIDAD PROMOCIONAL DE MONTERREY SA DE CV SUCURSAL ZUAZUA 129|CREATIVIDAD PROMOCIONAL DE MONTERREY SA DE CV|323119|Impresión de formas continuas y otros impresos|11 a 30 personas|CALLE|JUAN ZUAZUA|129|||COLONIA|CENTRO|||64000|1559|005||||2010-07|25.67572677|-100.30845462||CALLE|PROFESOR JOSÉ SILVESTRE ARAMBERRI|CALLE|RUPERTO MARTÍNEZ|CALLE|DOCTOR JOSÉ MARÍA COS|19039323119009851001008785S2
14321|6365505|434222|7969|6365505|19|NUEVO LEÓN   |048|Santa Catarina|0099|Asociación Regiomontana de Caza y Tiro|GARMI DEL NORTE||434222|Comercio al por mayor de productos químicos para la industria farmacéutica y para otro uso industrial|31 a 50 personas|CALLE|NINGUNO|110||0|PARQUE INDUSTRIAL|MILIMEX|MILIMEX|110|66350|0653|800||CONSUELOM@GARMIDELNORTE.COM||2010-07|25.68834422|-100.54177195|OTRO CONGLOMERADO|AVENIDA|NINGUNO|AVENIDA|NINGUNO|AVENIDA|NINGUNO|19048434222000103002009005M6
14321|6780112|434222|7970|6780112|19|NUEVO LEÓN   |048|Santa Catarina|0180|Los Conchos|GARMI DEL NORTE||434222|Comercio al por mayor de productos químicos para la industria farmacéutica y para otro uso industrial|0 a 5 personas|CARRETERA|LIBRE SALTILLO A MONTERREY|108||0|PARQUE INDUSTRIAL|MILIMEX|||66350|0672|800||CONSUELOM@GARMIDELNORTE.COM||2017-03|25.69571833|-100.57007833||CALLE|NINGUNO|CALLE|NINGUNO|CALLE|NINGUNO|19048434222000243001009005S0
14321|6405005|434222|7971|6405005|28|TAMAULIPAS|015|Gustavo Díaz Ordaz|0361|San José|GARMI DEL NORTE||434222|Comercio al por mayor de productos químicos para la industria farmacéutica y para otro uso industrial|0 a 5 personas|CARRETERA|CARR RIVEREÑA KM 48|0||0|PUEBLO|VALADECES|||88410|0011|800||||2010-07|26.23416667|-98.68861112||CALLE|PARCELA|CALLE|PARCELA|CALLE|VIAS DEL TREN|28015434222000022001009005S6
14322|112999|465912|7972|112999|02|BAJA CALIFORNIA|004|Tijuana|0001|Tijuana|FIESTA    CHOW  FANTASY   LAND||465912|Comercio al por menor de regalos|0 a 5 personas|CALLE|CANAL|15035||48|COLONIA|CHIHUAHUA LA MESA|||22209|0579|074|6642942466|FANTASYLAND48@HOTMAIL.COM||2014-12|32.50501937|-116.95814683||AVENIDA|SANTA LUCIA|CALLE|SANTA ELENA|AVENIDA|SANTA LUCÍA|02004465912007171000000000U6
14322|607532|465914|7973|607532|08|CHIHUAHUA|019|Chihuahua|0001|Chihuahua|PARTY LAND CONSUMBIBLES PARA FIESTAS INFANTILES||465914|Comercio al por menor de artículos desechables|0 a 5 personas|AVENIDA|AV. DE LA JUVENTUD (LIC. LUIS DONALDO COLOSIO MURRIETA)|6902|CENTRO Y PLAZA COMERCIAL|10|ZONA COMERCIAL|PLAZA CUMBRES|PLAZA CUMBRES|10|31217|5688|028|6144234611|CHIHUAHUA@PARTYLANDMEXICO.COM||2010-07|28.63949802|-106.12253520|CENTRO Y PLAZA COMERCIAL|CALLE|WASHINGTON|CALLE|HACIENDA LOS MORALES|AVENIDA|AV. DE LA JUVENTUD (LIC. LUIS DONALDO COLOSIO MURRIETA)|08019465914000382001000000U4
14322|630262|531113|7974|630262|08|CHIHUAHUA|037|Juárez|0001|Juárez|SALON DE FIESTAS ADVENTURE LAND||531113|Alquiler sin intermediación de salones para fiestas y convenciones|6 a 10 personas|BOULEVARD|MANUEL GOMEZ MORIN|8811|EDIFICIO SIN NOMBRE|12|COLONIA|SENECU|||32600|2075|051|6562295450|||2014-12|31.70100008|-106.39780289||CALLE|LA ESPERANZA|CALLE|BARDA|AVENIDA|DEL SAUCE|08037531113000561001000000U4
14322|8172420|531113|7975|8172420|08|CHIHUAHUA|037|Juárez|0001|Juárez|SALON DE FIESTAS MAGIC LAND||531113|Alquiler sin intermediación de salones para fiestas y convenciones|0 a 5 personas|PRIVADA|SINGAPUR||||FRACCIONAMIENTO|OASIS|||32697|3976|029||||2019-11|31.65528309|-106.41860010||CALLE|CEILAN|CALLE|CANADA|CALLE|TANZANIA|08037531113002211000000000U4
14322|691142|461160|7976|691142|09|CIUDAD DE MÉXICO|016|Miguel Hidalgo|0001|Miguel Hidalgo|PARTY LAND|FIESTAS DIVERTIDAS SA DE CV|461160|Comercio al por menor de dulces y materias primas para repostería|6 a 10 personas|CALLE|PRADO NORTE|379|||COLONIA|LOMAS DE CHAPULTEPEC III SECCION|||11000|0887|006|5552020779|PARTYLANDLOMAS@YAHOO.COM.MX||2014-12|19.42754917|-99.21050077||CALLE|BARRILACO|CALLE|MONTE ALTAI|CALLE|BARRILACO|09016461160001571001049826M0
14322|919254|465912|7977|919254|09|CIUDAD DE MÉXICO|004|Cuajimalpa de Morelos|0001|Cuajimalpa de Morelos|PARTY LAND BOSQUES|FIESTAS DIVERTIDAS SA DE CV|465912|Comercio al por menor de regalos|6 a 10 personas|AVENIDA|STIM|1318|||COLONIA|BOSQUES DE REFORMA|||05129|0180|037|5552513654|||2014-12|19.38964199|-99.26000482||CALLE|FABRICA DE ARMAS|CALLE|MISILES|CALLE|TREN DE TRANSPORTE|09004465912000951000049826S2
14322|801625|531113|7978|801625|09|CIUDAD DE MÉXICO|005|Gustavo A. Madero|0001|Gustavo A. Madero|SALON DE FIESTAS HAPPY LAND||531113|Alquiler sin intermediación de salones para fiestas y convenciones|0 a 5 personas|AVENIDA|503|311|||COLONIA|U.H. SAN JUAN DE ARAGON|||07969|2146|019|5555510810|||2010-07|19.46491229|-99.09372103||CALLE|SEXTA 503|CALLE|QUINTA 503|CALLE|AVENIDA 505|09005531113001401000000000U8
14322|7136841|531113|7979|7136841|09|CIUDAD DE MÉXICO|017|Venustiano Carranza|0001|Venustiano Carranza|SALON DE FIESTAS INFANTILES CANDIES LAND||531113|Alquiler sin intermediación de salones para fiestas y convenciones|0 a 5 personas|EJE VIAL|1 ORIENTE (BOLEO)|153|||COLONIA|VALLE GOMEZ|||15210|0013|019||||2019-11|19.45722483|-99.12333795||CALLE|PLOMO|CALLE|FERROCARRIL HIDALGO|CALLE|POZOS|09017531113001501000000000U0
14322|8528431|531113|7980|8528431|09|CIUDAD DE MÉXICO|010|Álvaro Obregón|0001|Álvaro Obregón|SALON DE FIESTAS INFANTILES MAGIC LAND||531113|Alquiler sin intermediación de salones para fiestas y convenciones|0 a 5 personas|CALLE|CERRO|8|||COLONIA|AMPLIACIN LAS AGUILAS|||01710|2199|019||MAGICLAND@HOTMAIL.COM||2019-11|19.35169834|-99.21848168||CALLE|ISLOTE|CALZADA|CALZADA DE LAS ÁGUILAS|CALLE|SERRANÍA|09010531113001001000000000U6
14322|928958|531113|7981|928958|09|CIUDAD DE MÉXICO|008|La Magdalena Contreras|0001|La Magdalena Contreras|SALON DE FIESTAS INFANTILES PRINTS LAND|W GRASA SA DE CV|531113|Alquiler sin intermediación de salones para fiestas y convenciones|6 a 10 personas|AVENIDA|SAN JERONIMO|1000|||COLONIA|SAN JERONIMO LIDICE|||10200|0086|001||LANDERGAR@HOTMAIL.COM|WWW.PRINTSLAND.COM|2014-12|19.32658123|-99.21991437||CERRADA|NINGUNO|AVENIDA|SAN JERONIMO|AVENIDA|CONTRERAS|09008531113000212000000000U4
14322|698237|531113|7982|698237|09|CIUDAD DE MÉXICO|017|Venustiano Carranza|0001|Venustiano Carranza|SALON DE FIESTAS SUGAR LAND|SALON DE FIESTAS SUGAR LAND |531113|Alquiler sin intermediación de salones para fiestas y convenciones|6 a 10 personas|AVENIDA|GENERAL FRANCISCO MORAZAN|317|||COLONIA|PUEBLA|||15020|1261|012||||2014-12|19.40969003|-99.08563345||CALLE|59|CALLE|61|AVENIDA|10|09017531113001153001000000U0
14322|8617042|713111|7983|8617042|09|CIUDAD DE MÉXICO|010|Álvaro Obregón|0001|Álvaro Obregón|JUMPING LAND|ESPACIOS RECREATIVOS Y FIESTAS INFANTILES JIK SA DE CV|713111|Parques de diversiones y temáticos del sector privado|11 a 30 personas|AVENIDA|CAMINO AL DESIERTO DE LOS LEONES|24||6|COLONIA|SAN ANGEL|||01000|1129|011||CONTACTO@JUMPINGLAND.COM.MX|WWW.JUMPINGLAND.COM.MX|2019-11|19.34963280|-99.18826233||AVENIDA|REVOLUCION|AVENIDA|INSURGENTES SUR|CALLE|CRACOVIA|09010713111000073000000000U0
14322|7893226|531113|7984|7893226|11|GUANAJUATO|020|León|0001|León de los Aldama|SALON DE FIESTAS INFANTILES MAGIC LAND||531113|Alquiler sin intermediación de salones para fiestas y convenciones|0 a 5 personas|BOULEVARD|MIGUEL DE CERVANTES SAAVEDRA|415|||COLONIA|EL SALTO|||37410|0675|044|4777771180||MAGICLAND.COM|2019-11|21.11910518|-101.70742968||OTRO (ESPECIFIQUE)|NINGUNO|BOULEVARD|MARIANO ESCOBEDO|CALLE|TOMÁS JEFFERSON|11020531113006631000000000U0
14322|1678863|531113|7985|1678863|14|JALISCO|039|Guadalajara|0001|Guadalajara|SALON DE FIESTAS INFANTILES DANY LAND||531113|Alquiler sin intermediación de salones para fiestas y convenciones|0 a 5 personas|CALLE|AMISTAD|975|||COLONIA|JARDINES DE SANTA ISABEL|||44300|4832|012|3316654105|||2014-12|20.71121256|-103.30527663||AVENIDA|BELISARIO DOMINGUEZ|PRIVADA|AMISTAD|CALLE|REFUGIO GONZÁLEZ|14039531113005091000000000U5
14322|3024148|461160|7986|3024148|19|NUEVO LEÓN   |019|San Pedro Garza García|0001|San Pedro Garza García|FIESTAS LAND|FIESTAS LAND SA DE CV|461160|Comercio al por menor de dulces y materias primas para repostería|6 a 10 personas|CALLE|RIO TAMAZUNCHALE|215|||COLONIA|DEL VALLE|||66220|0083|017||WWW.ROBERTO@PARTYLANDMONTERREY.COM||2010-07|25.65795982|-100.36536728||CALLE|RIO DE LA PLATA|CALLE|RIO MISSISSIPI|CALLE|RÍO LA SILLA|19019465914000062011000000U9
14322|3011521|531113|7987|3011521|19|NUEVO LEÓN   |046|San Nicolás de los Garza|0001|San Nicolás de los Garza|PLAY LAND SALON DE FIESTAS INFANTILES||531113|Alquiler sin intermediación de salones para fiestas y convenciones|6 a 10 personas|CALLE|9|149|||COLONIA|JARDINES DE ANAHUAC|||66463|1040|029|8183507904|||2010-07|25.73351167|-100.27319476||CALLE|SEGUNDA AVENIDA|CALLE|QUINTA AVENIDA|CALLE|7|19046531113001042001000000U2
14322|7872595|531113|7988|7872595|19|NUEVO LEÓN   |039|Monterrey|0001|Monterrey|WISIT LAND SALON DE FIESTAS INFANTILES|WISIT LAND |531113|Alquiler sin intermediación de salones para fiestas y convenciones|0 a 5 personas|CALLE|PASEO DEL ACUEDUCTO|100||100|COLONIA|PEDREGAL LA SILLA|||64898|2928|002||||2019-11|25.59831958|-100.25396379||CALLE|RIO PLATA|OTRO (ESPECIFIQUE)|NINGUNO|OTRO (ESPECIFIQUE)|NINGUNO|19039531113004311000000000U3
14322|8633193|813120|7989|8633193|19|NUEVO LEÓN   |046|San Nicolás de los Garza|0001|San Nicolás de los Garza|SITCIN LAND FIESTAS INFANTILES|SINDICATO INDUSTRIAL DE TRABAJADORES CLASIFICADOS INDEPENDIENTES DEL NORTE SINDICATO DE TRABAJADORES|813120|Asociaciones y organizaciones laborales y sindicales|6 a 10 personas|CALLE|5|112|||COLONIA|VICENTE GUERRERO (FOMERREY 46)|||66449|0926|048|8122456630|||2019-11|25.75386398|-100.25353464||AVENIDA|DIEGO DIAZ DE BERLANGA|CALLE|6|PRIVADA|SIN REFERENCIA|19046813120000102000000000U9
14322|8828332|461160|7990|8828332|21|PUEBLA|156|Tehuacán|0001|Tehuacán|ARTICULOS DE FIESTA CELEBRA BY PARTY LAND|CELEBRA BY PARTY LAND |461160|Comercio al por menor de dulces y materias primas para repostería|0 a 5 personas|AVENIDA|INDEPENDENCIA PONIENTE|1606|CENTRO Y PLAZA COMERCIAL|7|COLONIA|AQUILES SERDAN|PLAZA TERRAZA|7|75750|0037|006|2381154678|||2019-11|18.46361182|-97.40629909|CENTRO Y PLAZA COMERCIAL|CALZADA|ADOLFO LOPEZ MATEOS|CALLE|16 NORTE|CALLE|2 PONIENTE|21156461160001981000000000U9
14322|3461861|461160|7991|3461861|21|PUEBLA|114|Puebla|0001|Heroica Puebla de Zaragoza|PARTY LAND|AUTO SERVICIO PARA FIESTAS SA DE CV|461160|Comercio al por menor de dulces y materias primas para repostería|0 a 5 personas|CIRCUITO|JUAN PABLO II|2134||0|COLONIA|GRANJAS ATOYAC|||72410|2461|010||||2010-07|19.03756313|-98.22527014||PRIVADA|PRIVADA DE LA 23 SUR|CALLE|23 SUR|CALLE|AVENIDA 41 PONIENTE|21114461160010413001000000M1
14322|7569665|531113|7992|7569665|21|PUEBLA|119|San Andrés Cholula|0013|San Bernardino Tlaxcalancingo|JARDIN DE FIESTAS ADVENTURE LAND||531113|Alquiler sin intermediación de salones para fiestas y convenciones|0 a 5 personas|CALLE|CAMINO REAL A SANTA CLARA||||BARRIO|SAN DIEGO|||72828|0527|006|2227906513|||2019-11|19.00514609|-98.28100025||CALLE|SANTA ANA|CALLE|NINGUNO|BOULEVARD|ATLIXCAYOTL|21119531113000571000000000U2
14322|3578348|531113|7993|3578348|22|QUERÉTARO                               |016|San Juan del Río|0001|San Juan del Río|SALON DE FIESTAS INFANTILES HAPPY LAND KIDS||531113|Alquiler sin intermediación de salones para fiestas y convenciones|0 a 5 personas|AVENIDA|UNIVERSIDAD|168||0|COLONIA|SAN CAYETANO|||76807|051A|019|4271204126|||2014-12|20.39077444|-99.97405527||CALLE|RIO CARIBE|CALLE|RIO ORINOCO|CALLE|RÍO MOCTEZUMA|22016531113000421000000000U7
14322|8730450|531113|7994|8730450|23|QUINTANA ROO|008|Solidaridad|0001|Playa del Carmen|SALON DE FIESTAS INFANTILES HAPPY LAND||531113|Alquiler sin intermediación de salones para fiestas y convenciones|0 a 5 personas|AVENIDA|BENITO JUAREZ||||COLONIA|EJIDAL|||77712|0404|015||||2019-11|20.62962632|-87.08681744||AVENIDA|60 (NORTE)|AVENIDA|DIAGONAL 70 NORTE|CALLE|2 NORTE|23008531113000221000000000U7
14322|7981655|532282|7995|7981655|24|SAN LUIS POTOSÍ        |028|San Luis Potosí|0001|San Luis Potosí|RENTA DE MOBILIARIO PARA FIESTAS HAPPY LAND||532282|Alquiler de mesas, sillas, vajillas y similares|0 a 5 personas|CALLE|CARLOS DIEZ GUTIERREZ|1415|||COLONIA|INDEPENDENCIA|||78330|2198|023|4442366225|||2019-11|22.13920493|-100.97747081||CALLE|XICOTENCATL|CALLE|ZAMARRIPA|CALLE|ESPINOZA Y CUEVAS|24028532282000311000000000U5
14322|8036823|713120|7996|8036823|25|SINALOA|012|Mazatlán|0001|Mazatlán|PLAY LAND TU FIESTA COOL||713120|Casas de juegos electrónicos|6 a 10 personas|AVENIDA|CARLOS CANSECO|1101|||FRACCIONAMIENTO|EL TOREO|||82120|1758|016||||2019-11|23.25055359|-106.43698539||CALLE|LUIS CASTRO|CALLE|CURRO RIVERA|AVENIDA|EL TOREO|25012713120000782000000000U3
14322|3925082|531113|7997|3925082|26|SONORA|042|Navojoa|0001|Navojoa|LOCAL DE EVENTOS FIESTA LAND||531113|Alquiler sin intermediación de salones para fiestas y convenciones|0 a 5 personas|AVENIDA|LEONARDO MAGAÑA||||COLONIA|DEPORTIVA|||85860|0698|025||||2014-12|27.06407469|-109.45860258||CALLE|MARIANO ESCOBEDO|CALLE|RAMON CORONA|BOULEVARD|AGUSTÍN SOSA CHÁVEZ|26042531114000071010000000U0
14322|8573122|531113|7998|8573122|26|SONORA|018|Cajeme|0001|Ciudad Obregón|MANGO LAND SALON DE FIESTAS||531113|Alquiler sin intermediación de salones para fiestas y convenciones|0 a 5 personas|CALLE|5 DE FEBRERO|445|||COLONIA|URBANA 4|||85000|057A|003||MAGOLAND.CAPCO@0UTLOOK.COM||2019-11|27.50290336|-109.93292581||AVENIDA|YAQUI|AVENIDA|JOSE MARIA MORELOS Y PAVON|CALLE|SONORA|26018531113002171000000000U8
14322|4027727|531113|7999|4027727|28|TAMAULIPAS|022|Matamoros|0001|Heroica Matamoros|SALON DE FIESTAS PLAY DOH PARTY LAND||531113|Alquiler sin intermediación de salones para fiestas y convenciones|0 a 5 personas|AVENIDA|GENERAL ALVARO OBREGON|45||0|COLONIA|JARDIN|||87330|1122|018||||2010-07|25.89274283|-97.50135905||CALLE|CLAVELES|CALLE|GARDENIAS|CALLE|CLAVELES|28022531113000801000000000U2
14322|8507153|461160|8000|8507153|32|ZACATECAS|056|Zacatecas|0001|Zacatecas|VENTA DE ARTICULOS PARA FIESTAS PARTY LAND||461160|Comercio al por menor de dulces y materias primas para repostería|0 a 5 personas|AVENIDA|GONZALEZ ORTEGA|408|||COLONIA|SIERRA DE ALICA|||98050|0148|023||||2019-11|22.76754424|-102.57734298||CALLE|SEGUNDA DE FRANCISCO GARCIA SALINAS|CALLE|MIGUEL ALEMAN|CALLE|SEGUNDA DE FRANCISCO GARCÍA SALINAS|32056461160000901000000000U7
14325|9031517|434219|8001|9031517|05|COAHUILA DE ZARAGOZA|030|Saltillo|0001|Saltillo|EMCAR|EMCAR SA DE CV|434219|Comercio al por mayor de otros materiales para la construcción, excepto de madera y metálicos|0 a 5 personas|CALLE|OTILIO GONZALEZ|3496||5|COLONIA|LA HERRADURA 3|||25057|5060|007||||2019-11|25.40164536|-100.96985230||CALLE|BERBERISCO|CALLE|NOGAL WESTERN|CALLE|SIN REFERENCIA|05030434219000331000022384S3
14325|2973678|434219|8002|2973678|19|NUEVO LEÓN   |039|Monterrey|0001|Monterrey|ALMACEN|EMCAR SA DE CV|434219|Comercio al por mayor de otros materiales para la construcción, excepto de madera y metálicos|0 a 5 personas|CALLE|RUPERTO MARTINEZ|511|||COLONIA|CENTRO|||64000|1544|011|8183404000|||2014-12|25.67665722|-100.31009478||CALLE|GRAL.MARIANO ESCOBEDO|CALLE|IGNACIO ZARAGOZA|CALLE|ALBINO ESPINOSA|19039465914000911010022384S5
14325|8001300|434219|8003|8001300|19|NUEVO LEÓN   |039|Monterrey|0001|Monterrey|EMCAR|EMCAR SA DE CV|434219|Comercio al por mayor de otros materiales para la construcción, excepto de madera y metálicos|6 a 10 personas|CALLE|IGNACIO ZARAGOZA|205||0|COLONIA|CENTRO|||64000|1544|011||JMANZANO@EMCAR.COM.MX|WWW.EMCAR.COM|2019-11|25.67664665|-100.30941999||CALLE|RUPERTO MARTINEZ|CALLE|ALBINO ESPINOZA|CALLE|IGNACIO ZARAGOZA|19039434219001042000022384S0
14325|6878730|434219|8004|6878730|19|NUEVO LEÓN   |026|Guadalupe|0001|Guadalupe|EMCAR|EMCAR SA DE CV|434219|Comercio al por mayor de otros materiales para la construcción, excepto de madera y metálicos|11 a 30 personas|CALLE|ADOLFO RUÍZ CORTINES|621||0|COLONIA|JARDINES DE SAN RAFAEL|||67110|0124|058||JMANZANO@EMCAR.COM.MX||2019-04|25.70341367|-100.21267828||CALLE|DEL ALTILLO|CALLE|DEL OBELISCO|CALLE|DEL PARQUE|19026467111003923010022384S5
14325|2973676|434219|8005|2973676|19|NUEVO LEÓN   |039|Monterrey|0001|Monterrey|EMCAR ACRILICOS Y PLASTICOS|EMCAR SA DE CV|434219|Comercio al por mayor de otros materiales para la construcción, excepto de madera y metálicos|11 a 30 personas|CALLE|IGNACIO ZARAGOZA|214|214|0|COLONIA|CENTRO DE MONTERREY|||64000|1544|011||JMANZANO@EMCAR.COM.MX||2014-12|25.67681838|-100.30939760||CALLE|ALBINO ESPINOSA|CALLE|RUPERTO MARTÍNEZ|CALLE|MARIANO ESCOBEDO|19039434229000933010022384M0
14327|8219204|434229|8006|8219204|02|BAJA CALIFORNIA|004|Tijuana|0001|Tijuana|XE SEGURTIDAD|PACIFIC RIM SA DE CV|434229|Comercio al por mayor de otras materias primas para otras industrias|0 a 5 personas|BOULEVARD|BOULEVARD DE LAS AMERICAS|3565|CENTRO Y PLAZA COMERCIAL||COLONIA|20 NOVIEMBRE|PLAZA 20 SUR|19|22100|0460|028|||WWW.EXSEGURIDAD.COM|2019-11|32.51379926|-116.98728859|CENTRO Y PLAZA COMERCIAL|CALLEJON|LAS AMERICAS|CALLE|PASEO DE LOS HEROES|CALLEJON|RANCHO ALEGRE|02004434229000671000000000S9
14327|7920399|434224|8007|7920399|05|COAHUILA DE ZARAGOZA|030|Saltillo|0001|Saltillo|XE-SEGURIDAD|PACIFIC RIM SA DE CV|434224|Comercio al por mayor de madera para la construcción y la industria|0 a 5 personas|BOULEVARD|EULALIO GUTIERREZ TREVIÑO|365|CENTRO Y PLAZA COMERCIAL||COLONIA|NUESTRA SEÑORA DE FATIMA|PLAZA PATIO|365|25010|1373|024|8448055559|||2019-11|25.44662736|-100.95783253|CENTRO Y PLAZA COMERCIAL|BOULEVARD|EULALIO GUTIERRES TREVIÑO|BOULEVARD|JESUS VALDES SANCHEZ|CALLE|SIN REFERENCIA|05030434224000621000000000S7
14327|567868|466212|8008|567868|08|CHIHUAHUA|019|Chihuahua|0001|Chihuahua|XE SEGURIDAD PUERTAS DE SEGURIDAD|PACIFIC RIM SA DE CV|466212|Comercio al por menor de teléfonos y otros aparatos de comunicación|0 a 5 personas|AVENIDA|AV. DE LA JUVENTUD (LIC. LUIS DONALDO COLOSIO MURRIETA)|3501|CENTRO Y PLAZA COMERCIAL|10|COLONIA|PUERTA DE HIERRO|FASHION MALL|T10|31236|6987|010|6141171178|VENTASCHIHUAHUA@XESEGURIDAD.COM|WWW.XESEGURIDAD.COM|2014-12|28.62544543|-106.11535503|CENTRO Y PLAZA COMERCIAL|CALLE|SIERRA DE LA CAMPANA|AVENIDA|INSTITUTO POLITECNICO NACIONAL|CALLE|INSTITUTO POLITÉCNICO NACIONAL|08019434229000351010000000S0
14327|8602050|238350|8009|8602050|09|CIUDAD DE MÉXICO|012|Tlalpan|0001|Tlalpan|PUERTAS XE SEGURIDAD|PACIFIC RIM SA DE CV|238350|Realización de trabajos de carpintería en el lugar de la construcción|0 a 5 personas|AVENIDA|INSURGENTES SUR|3500|||COLONIA|PEÑA POBRE|||14060|1890|001|||WWW.XESEGURIDAD.COM|2019-11|19.29591088|-99.18479789||OTRO (ESPECIFIQUE)|BOULEVARD ADOLFO RUIZ CORTINES|AVENIDA|SAN FERNANDO|CALLE|ZAPOTE|09012238350000021000000000S5
14327|901992|435419|8010|901992|09|CIUDAD DE MÉXICO|014|Benito Juárez|0001|Benito Juárez|PUERTAS DE SEGURIDAD|PACIFIC RIM SA DE CV|435419|Comercio al por mayor de otra maquinaria y equipo de uso general|0 a 5 personas|AVENIDA|DOCTOR JOSE MARIA VERTIZ|593|||COLONIA|NARVARTE ORIENTE|||03020|0079|002||VENTADF@XESEGURIDAD.COM|WWW.XESEGURIDAD.COM|2014-12|19.39964056|-99.15088296||CALLE|ICACOS|CALLE|ESPERANZA|CALLE|PALENQUE|09014435419001251000000000S7
14327|8659682|435319|8011|8659682|10|DURANGO|005|Durango|0001|Victoria de Durango|PACIFIC RIM|PACIF RIM SA DE CV|435319|Comercio al por mayor de maquinaria y equipo para otros servicios y para actividades comerciales|0 a 5 personas|BOULEVARD|FELIPE PESCADOR|1401|||FRACCIONAMIENTO|ARMANDO DEL CASTILLO FRANCO|||34080|3698|003|6182214852|||2019-11|24.03479862|-104.65177569||PROLONGACION|LAZARO CARDENAS|BOULEVARD|TECNOLOGICO|AVENIDA|JESÚS GARCÍA|10005435319000301000000000S8
14327|8585532|435419|8012|8585532|11|GUANAJUATO|007|Celaya|0001|Celaya|XE PUERTAS DE SEGURIDAD|PACIFIC RIM SA DE CV|435419|Comercio al por mayor de otra maquinaria y equipo de uso general|0 a 5 personas|EJE VIAL|PANTANO|200|CENTRO Y PLAZA COMERCIAL||COLONIA|FRACC COMPUERTAS DEL CAMPESTRE|GALERIAS CELAYA|14|38080|274A|004||INFO@XESEGURIDAD.COM|WWW.XESEGURIDAD.COM|2019-11|20.53290242|-100.77707814|CENTRO Y PLAZA COMERCIAL|CALLE|DE LA VIA|AVENIDA|LA CANO|OTRO (ESPECIFIQUE)|BARDA|11007435419000851000000000S5
14327|8009960|434221|8013|8009960|11|GUANAJUATO|020|León|0001|León de los Aldama|XE SEGURIDAD|PACIFIC RIM SA DE CV|434221|Comercio al por mayor de materiales metálicos para la construcción y la manufactura|0 a 5 personas|BOULEVARD|MIGUEL HIDALGO|915|||COLONIA|LA FLORIDA|||37190|0232|011||LEON@XESEGURIDAD.COM||2019-11|21.14253622|-101.67437877||CALLE|FERNANDO MONTES DE OCA|CALLE|LA FLORIDA|CALLE|JUAN DE LA BARRERA|11020434221002011000000000S8
14327|7921910|434224|8014|7921910|14|JALISCO|098|San Pedro Tlaquepaque|0001|Tlaquepaque|XE SEGURIDAD|PACIFIC RIM |434224|Comercio al por mayor de madera para la construcción y la industria|0 a 5 personas|AVENIDA|PATRIA|34|||FRACCIONAMIENTO|PARQUE TLAQUEPAQUE|||45520|0474|009|3318630771||WWW.EXSEGURIDA.COM|2019-11|20.63817896|-103.28354254||CALLE|HIDALGO|CALLE|SANTA ROSALIA|CALLE|NINGUNO|14098434224000801000000000S1
14327|2448824|435419|8015|2448824|15|MÉXICO                      |051|Lerma|0001|Lerma de Villada|XE SEGURIDAD PUERTAS RESIDENCIALES DE ALTA SEGURIDAD|PACIFIC RIM SA DE CV|435419|Comercio al por mayor de otra maquinaria y equipo de uso general|0 a 5 personas|PRIVADA|NINGUNO|55||13|COLONIA|FRANCISCO I MADERO|||52000|0472|003||||2014-12|19.28997168|-99.55581677||CALLE|NINGUNO|CALLE|NINGUNO|CALLE|NINGUNO|15051435419000121000000000U7
14327|8713353|238290|8016|8713353|19|NUEVO LEÓN   |006|Apodaca|0001|Ciudad Apodaca|PUERTAS  XE SEGURIDAD|PACIFIC RIM SA DE CV|238290|Otras instalaciones y equipamiento en construcciones|0 a 5 personas|AVENIDA|LA CONCORDIA|800|||RESIDENCIAL|EBANOS    12AVO|||66610|2255|001||INFO@XESEGURIDAD.COM|WWW.XESEGURIDAD.COM|2019-11|25.78390784|-100.23592115||CALLE|MAPLE|AVENIDA|CAMINO REAL MEZQUITAL SANTA ROSA|CALLE|SABINO|19006238290000061000000000S9
14327|8734971|238350|8017|8734971|19|NUEVO LEÓN   |026|Guadalupe|0001|Guadalupe|XEB SEGURIDAD PUERTAS DE SEGURIDAD YALARMAS|PACIFIC RIM SA DE CV|238350|Realización de trabajos de carpintería en el lugar de la construcción|0 a 5 personas|AVENIDA|PASEO DE LAS AMERICAS|2403|PLAZA LAS AMERICAS||COLONIA|CONTRY LA SILLA 7 SECTOR|PLAZA LAS AMERICAS|D|67173|2084|016||||2019-11|25.64673157|-100.26777341|CENTRO Y PLAZA COMERCIAL|CALLE|FRANCISCO GOITIA|CALLE|PINTORES MEXICANOS|CALLE|DIEGO RIVERA|19026238350000031000000000S2
14327|6445447|466212|8018|6445447|19|NUEVO LEÓN   |021|General Escobedo|0001|Ciudad General Escobedo|PUERTAS SEGURIDAD|PACIFIC RIM SA DE CV|466212|Comercio al por menor de teléfonos y otros aparatos de comunicación|0 a 5 personas|CALLE|NINGUNO|130|CENTRO Y PLAZA COMERCIAL||COLONIA|VALLE DEL CANADA|PLAZA SENDERO|ISLA 12|66054|0325|004||||2012-06|25.76673807|-100.30341050|CENTRO Y PLAZA COMERCIAL|PROLONGACION|MANUEL L. BARRAGAN|AVENIDA|SENDERO|CALLE|NINGUNO|19021238290000011010000000U3
14327|2985758|466212|8019|2985758|19|NUEVO LEÓN   |026|Guadalupe|0001|Guadalupe|XE PUERTAS DE SEGURIDAD|PACIFIC RIM SA DE CV|466212|Comercio al por menor de teléfonos y otros aparatos de comunicación|0 a 5 personas|AVENIDA|PABLO LIVAS|7701|CENTRO Y PLAZA COMERCIAL||COLONIA|TRES CAMINOS|SUN MALL|7701|67190|1635|033||||2010-07|25.65637331|-100.18415265|CENTRO Y PLAZA COMERCIAL|AVENIDA|MAESTRO ISRAEL CAVAZOS GARZA|OTRO (ESPECIFIQUE)|NINGUNO|AVENIDA|DE LOS LIRIOS|19026434229000141000000000S4
14327|8667068|561620|8020|8667068|19|NUEVO LEÓN   |039|Monterrey|0001|Monterrey|XE SEGURIDAD|PACIFIC RIM SA DE CV|561620|Servicios de protección y custodia mediante el monitoreo de sistemas de seguridad|0 a 5 personas|AVENIDA|ALEJANDRO DE RODAS|6771|PLAZA CUMBRES||ZONA COMERCIAL|PEDREGAL CUMBRES|||64349|4248|001|8115315735|XE.CUMBRES@GMAIL.COM|WWW.XESEGURIDAD.COM|2019-11|25.73280345|-100.39516799||AVENIDA|HACIENDA DE PEÑUELAS|CALLE|NINGUNO|AVENIDA|PASEO DE LOS LEONES|19039561620001081000000000S2
14327|9311984|561610|8021|9311984|19|NUEVO LEÓN   |048|Santa Catarina|0001|Ciudad Santa Catarina|XE SEGURIDAD|PACIFIC RIM SA DE CV|561610|Servicios de investigación y de protección y custodia, excepto mediante monitoreo|51 a 100 personas|CALLE|NINGUNO|100|||PARQUE INDUSTRIAL|EL OBISPO|||66350|1469|006||RH@XESEGURIDAD.COM|WWWXESEGURIDAD.MX|2020-11|25.69478283|-100.50475383||CALLE|NINGUNO|CALLE|CALLE DEL MOLINO|CALLE|NINGUNO|19048561610000185000000000U7
14327|8048856|435419|8022|8048856|25|SINALOA|006|Culiacán|0001|Culiacán Rosales|XE SEGURIDAD|PACIFIC RIM SA DE CV|435419|Comercio al por mayor de otra maquinaria y equipo de uso general|0 a 5 personas|BOULEVARD|UNIVERSITARIOS|2402|||FRACCIONAMIENTO|RES ALAMEDA|||80019|1568|034||||2019-11|24.83388132|-107.39845416||BOULEVARD|ENRIQUE SANCHEZ ALONSO|CALLE|GENERAL IGNACIO LOPEZ RAYON|CALLE|DIEGO RIVERA|25006435419001101000000000S0
14327|8511517|434224|8023|8511517|25|SINALOA|006|Culiacán|0001|Culiacán Rosales|XE SEGURIDAD|PACIFIC RIM SA DE CV|434224|Comercio al por mayor de madera para la construcción y la industria|0 a 5 personas|BOULEVARD|JOSE LIMON|2545|CENTRO Y PLAZA COMERCIAL|12|COLONIA|HUMAYA|PLAZA SENDEROS|12|80020|4312|039||||2019-11|24.82696380|-107.42623291|CENTRO Y PLAZA COMERCIAL|AVENIDA|QUIMICO FARMACOBIOLOGO AMADO BLANCARTE|BOULEVARD|HERMES|CALLE|NINGUNO|25006434224000711000000000S2
14327|9338794|435412|8024|9338794|26|SONORA|030|Hermosillo|0001|Hermosillo|XE SEGURIDAD|PACIFIC RIM SA DE CV|435412|Comercio al por mayor de mobiliario y equipo de oficina|0 a 5 personas|BOULEVARD|CULTURA|55|||COLONIA|EL JITO||||3371|030|||WWWXESEGURIDAD.COM|2021-05|29.06710262|-110.95269477||CALLE|NINGUNO|BOULEVARD|AGUSTIN DE VILDOSOLA|CALLE|NINGUNO|26030435412000341000000000U7
14327|8335746|434224|8025|8335746|31|YUCATÁN       |050|Mérida|0001|Mérida|XE SEGURIDAD|PACIFIC RIM SA DE CV|434224|Comercio al por mayor de madera para la construcción y la industria|0 a 5 personas|CALLE|22|451|||FRACCIONAMIENTO|ALTABRISA|SORIANA HIPERMART|2|97133|5583|013|9993614784||WWW.XESEGURIDAD.COM|2019-11|21.01924857|-89.58336132|CENTRO Y PLAZA COMERCIAL|CALLE|15|CALLE|7|CALLE|7|31050467117000471000000000S9
14327|9051908|435419|8026|9051908|31|YUCATÁN       |050|Mérida|0001|Mérida|XE SEGURIDAD|PACIFIC RIM SA DE CV|435419|Comercio al por mayor de otra maquinaria y equipo de uso general|0 a 5 personas|PERIFERICO|LICENCIADO MANUEL BERZUNZA||PLAZA Y CENTRO COMERCIAL||COLONIA|SANTA GELTRUDIS COPO|PLAZA LA CONSTRUCCION|SN|97000|3445|011||INFO@XESEGURIDAD.COM|WWW.XESEGURIDAD.COM|2019-11|21.03882439|-89.59981820|CENTRO Y PLAZA COMERCIAL|CALLE|18|CALLE|22|CALLE|9|31050435419001271000000000S1
14328|3514000|332710|8027|3514000|21|PUEBLA|114|Puebla|0001|Heroica Puebla de Zaragoza|MAQUINADO DE PIEZAS PARA MAQUINARIA Y EQUIPO EN GENERAL|COFSSMAR MAQUINADO Y PAILERIA |332710|Maquinado de piezas metálicas para maquinaria y equipo en general|0 a 5 personas|CALLE|DIAGONAL RIO PAPAGAYO|0||0|COLONIA|LAS TRES CRUCES|||72595|2141|004|2222645805|COFSSMAR@HOTMAIL.COM||2010-07|18.99465832|-98.19222162||CALLE|FRAY JUAN DE GRIJALVA|AVENIDA|LAS CRUCES|CALLE|DIAGONAL RÍO PAPAGAYO|21114332710001161001000000U6
14331|3028362|333920|8028|3028362|19|NUEVO LEÓN   |046|San Nicolás de los Garza|0001|San Nicolás de los Garza|SESA|SERVICIOS DE ELEVACION SA DE CV|333920|Fabricación de maquinaria y equipo para levantar y trasladar|6 a 10 personas|CALLE|PUERTO LA PAZ|125|||COLONIA|LA FE|||66473|070A|004|8113441418|||2010-07|25.72667893|-100.21185235||AVENIDA|CARRETERA MIGUEL ALEMAN|CALLE|PUERTO DE VERACRUZ|CALLE|PUERTO TAMPICO|19046333920000022000000000U3
14331|7706969|811129|8029|7706969|30|VERACRUZ DE IGNACIO DE LA LLAVE|193|Veracruz|0001|Veracruz|SERVICIO DE EQUIPOS HIDRAULICOS DE CARGA Y ELEVACION||811129|Instalación de cristales y otras reparaciones a la carrocería de automóviles y camiones|0 a 5 personas|AVENIDA|CUAUHTEMOC NORTE|3306||0|COLONIA|ZONA CENTRO|||91700|0237|017|2292842118|SEHCE@HOTMAIL.COM||2019-11|19.18819012|-96.14685119||CALLE|FRANCISCO CANAL|CALLE|HERNAN CORTES|AVENIDA|GUADALUPE VICTORIA|30193811129000461000000000U7
14333|3023493|466319|8030|3023493|19|NUEVO LEÓN   |019|San Pedro Garza García|0001|San Pedro Garza García|SIMONE ARTICULOS Y DECORACION|SIMONE REGALOS SA DE CV|466319|Comercio al por menor de otros artículos para la decoración de interiores|0 a 5 personas|CALZADA|CALZADA DEL VALLE|275|EDIFICIO SIN NOMBRE||COLONIA|DEL VALLE|||66220|0064|037|8183560666|SIMONEREGALOS@YAHOO.COM.MX||2010-07|25.65911574|-100.37561734||CALLE|RIO SUCHIATE|CALLE|RIO BALSAS|CALLE|RÍO DE LA PLATA|19019466319000272000045097S5
14333|8633445|465912|8031|8633445|19|NUEVO LEÓN   |039|Monterrey|0001|Monterrey|SIMONE REGALOS|SIMONE REGALOS SA DE CV|465912|Comercio al por menor de regalos|0 a 5 personas|CALLE|AARON SAENZ GARZA|1264|||COLONIA|COLINAS DE SAN JERONIMO|||64630|3964|004||||2019-11|25.67466932|-100.37001382||CALLE|CAMINO DE LOS KIWIS|CALLE|PRIVADA MARIA TERESA|CALLE|CAMINO DE LOS HALCONES|19039465912006281000045097S1
14333|8633446|465912|8032|8633446|19|NUEVO LEÓN   |039|Monterrey|0001|Monterrey|SIMONE REGALOS|SIMONE REGALOS SA DE CV|465912|Comercio al por menor de regalos|0 a 5 personas|CALLE|AARON SAENZ GARZA|1265|||COLONIA|COLINAS DE SAN JERONIMO|||64630|3964|004||||2019-11|25.67466488|-100.37008142||CALLE|CAMINO DE LOS KIWIS|CALLE|PRIVADA MARIA TERESA|CALLE|CAMINO DE LOS HALCONES|19039465912006291000045097S0
14333|2990285|465912|8033|2990285|19|NUEVO LEÓN   |039|Monterrey|0001|Monterrey|SIMONE REGALOS|SIMONE REGALOS SA DE CV|465912|Comercio al por menor de regalos|6 a 10 personas|CALLE|AARON SAENZ GARZA|1367|||COLONIA|COLINAS DE SAN JERONIMO|||64630|3964|004|8183365562|SIMONEREGALOS@YAHOO.COM.MX||2014-12|25.67468031|-100.36984630||CALLE|CAMINO DE LOS KIWIS|CALLE|PRIVADA MARIA TERESA|CALLE|CAMINO DE LOS HALCONES|19039465912004213001045097S6
14333|3020891|466319|8034|3020891|19|NUEVO LEÓN   |019|San Pedro Garza García|0001|San Pedro Garza García|SIMONE REGALOS|SIMONE REGALOS SA DE CV|466319|Comercio al por menor de otros artículos para la decoración de interiores|6 a 10 personas|AVENIDA|JOSE VASCONCELOS|1523|||COLONIA|RECIDENCIAL SAN FRANCISCO|||66230|0492|025||SIMONEREGALOS@YAHOO.COM.MX|WWW.SIMONE.COM.MX|2010-07|25.65889862|-100.39280556||CALLE|ENCINO VERDE|AVENIDA|SANTA BARBARA|CALLE|CALLEJÓN DE LOS ARIZPE|19019466319000311001045097M1
14333|3024077|466319|8035|3024077|19|NUEVO LEÓN   |019|San Pedro Garza García|0001|San Pedro Garza García|SIMONE TIENDA DE REGALOS|SIMONE REGALOS SA DE CV|466319|Comercio al por menor de otros artículos para la decoración de interiores|6 a 10 personas|CALZADA|CALZADA DEL VALLE|350|CENTRO Y PLAZA COMERCIAL||COLONIA|DEL VALLE|PLAZA LAS VILLAS|18 Y 19|66220|0172|012||SIMONEREGALOS@YAHOO.COM.MX|WWW.SIMONE.COM.MX|2010-07|25.65488602|-100.36313432|CENTRO Y PLAZA COMERCIAL|CALLE|RIO CAURA|CALLE|RIO MOCTEZUMA|CALLE|RÍO CAURA|19019465912000654001045097S7
14334|2945255|531210|8036|2945255|19|NUEVO LEÓN   |019|San Pedro Garza García|0001|San Pedro Garza García|GESTION RED|GESTION RED SA DE CV|531210|Inmobiliarias y corredores de bienes raíces|0 a 5 personas|AVENIDA|JOSE VASCONCELOS|650|EDIFICIO SIN NOMBRE|2|COLONIA|COLONIA VALLE DEL CAMPESTRE|||66265|0384|002|8183354242|ACHAPA@GESTIONRED.COM|WWW.GESTYIONRED.COM|2010-07|25.65308800|-100.35455892||CALLE|SABINO|AVENIDA|RICARDO MARGAIN ZOZAYA|CALLE|EUCALIPTO|19019531311000223011000000U6
14337|6213365|434224|8037|6213365|19|NUEVO LEÓN   |046|San Nicolás de los Garza|0001|San Nicolás de los Garza|MADERAS CUAUHTEMOC|MADERAS CUAHUTEMOC DE MONTERREY SA DE CV|434224|Comercio al por mayor de madera para la construcción y la industria|11 a 30 personas|AVENIDA|MANUEL L. BARRAGAN|752|||COLONIA|TABACHINES|||66450|0930|042||||2010-07|25.75904065|-100.30604150||AVENIDA|LERDO DE TEJADA|CALLE|PASEO DE LOS SAUCES|CALLE|CEDROS|19046434224000213001000000U3
14339|6159619|484231|8038|6159619|19|NUEVO LEÓN   |021|General Escobedo|0001|Ciudad General Escobedo|TRANSPORTES SAN ISIDRO DEL NORTE, SA DE CV|TRANSPORTES SAN ISIDRO DEL NORTE SA DE CV|484231|Autotransporte foráneo de materiales para la construcción|51 a 100 personas|CALLE|RAÚL CABALLERO ESCAMILLA|405||0|AMPLIACION|UNION DE AGROPECUARIOS|||66050|0626|001||CONTABILIDAD@TRANSPORTESTSI.COM|WWW.TRANSPORTESTSI.COM|2010-07|25.82312085|-100.30186945||PRIVADA|VALENTIN ARREDONDO|CARRETERA|SALTILLO-LAREDO|OTRO (ESPECIFIQUE)|SIN REFERENCIA|19021484231000043001000000U1
14340|8689303|236211|8039|8689303|19|NUEVO LEÓN   |019|San Pedro Garza García|0001|San Pedro Garza García|CONSTRUCCIONES INDUISTRIALES CEPAM|CONSTRUCCIONES INDUSTRIALES CEPAM SA DE CV|236211|Edificación de naves y plantas industriales, excepto la supervisión|6 a 10 personas|CALLE|PUEBLA|501||0|COLONIA|LOS SAUCES PRIMER SECTOR|||66237|0581|030||||2019-11|25.65811735|-100.40930238||CALLE|JOSE MARIANO ABASOLO|CALLE|IGNACIO ALLENDE|CALLE|LAS PALMAS|19019221210000012000040360S2
14340|6721182|236211|8040|6721182|19|NUEVO LEÓN   |019|San Pedro Garza García|0001|San Pedro Garza García|CONSTRUCCIONES INDUSTRIALES CEPAM|CONSTRUCCIONES INDUSTRIALES CEPAM SA DE CV|236211|Edificación de naves y plantas industriales, excepto la supervisión|101 a 250 personas|CALLE|PUEBLA|501|||COLONIA|LOS SAUCES|CENTRO COMERCIAL PLAZA SAN PEDRO|G18|66220|0488|035||SALAMANCA@CINDCEPAM.COM.MX|WWW.CEPAM.MX|2016-01|25.66496076|-100.38132857|CENTRO Y PLAZA COMERCIAL|CALLE|SN|CALLE|SN|PRIVADA|NINGUNO|19019236211000073001040360M5
14343|8713371|434221|8041|8713371|19|NUEVO LEÓN   |006|Apodaca|0001|Ciudad Apodaca|GRUPO NABAR DEL NORTE|GRUPO NABAR DEL NORTE SA DE CV|434221|Comercio al por mayor de materiales metálicos para la construcción y la manufactura|31 a 50 personas|CALLE|PADRE MIER||||MANZANA|NUEVO APODACA|||66605|0066|007||||2019-11|25.78581019|-100.18850803||AVENIDA|REFORMA|CALLE|OAXACA|CALLE|5 DE MAYO|19006434221000914000000000U6
14344|2972767|467111|8042|2972767|19|NUEVO LEÓN   |039|Monterrey|0001|Monterrey|ARGUETA SUMINISTROS||467111|Comercio al por menor en ferreterías y tlapalerías|0 a 5 personas|CALLE|HELIODORO PEREZ|3338|||COLONIA|NUEVA MADERO|||64530|1347|052|8183497107|||2014-12|25.69039420|-100.28105517||CALLE|21 DE MARZO|CALLE|20 DE OCTUBRE|CALLE|20 DE OCTUBRE|19039467111009531000000000U3
14345|2931138|468211|8043|2931138|19|NUEVO LEÓN   |021|General Escobedo|0001|Ciudad General Escobedo|RINES LLANTAS Y ACCESORIOS EL MAGO|RINES LLANTAS Y ACCESORIOS EL MAGO |468211|Comercio al por menor de partes y refacciones nuevas para automóviles, camionetas y camiones|6 a 10 personas|AVENIDA|LICENCIADO RAUL SALINAS LOZANO|501|||COLONIA|RESIDENCIAL CALIFORNIA|||66055|0378|014||ELMAGO.RINES@GMAIL.COM||2010-07|25.76937848|-100.31612973||CALLE|SAN BERNARDINO|CALLE|SACRAMENTO|CALLE|SAN FRANCISCO|19021468211000573000000000U9
14348|3011215|811199|8044|3011215|19|NUEVO LEÓN   |039|Monterrey|0001|Monterrey|CLIMATIZACION TOTAL||811199|Otros servicios de reparación y mantenimiento de automóviles y camiones|11 a 30 personas|CALLE|PASCUAL ORTIZ RUBIO|1501|||COLONIA|NIÑO ARTILLERO|||64280|057A|012|8189891139|||2010-07|25.72022549|-100.32900669||AVENIDA|GENERAL BERNARDO REYES|CALLE|SEGUNDA PRIVADA|PRIVADA|NARCISO MENDOZA|19039811199001813000000000U1
14348|8428859|434226|8045|8428859|20|OAXACA|067|Oaxaca de Juárez|0001|Oaxaca de Juárez|COMERCIALIZADORA ESPECIALIZADA EN EQUIPOS TECNICOS DE CLIMATIZACION Y RECUBRIMIENTOS TOTALES|COMERCIALIZADORA ESPECIALIZADA EN EQUIPOS TECNICOS DE CLIMATIZACION Y RECUBRIMIENTOS TOTALES SA DE CV|434226|Comercio al por mayor de pintura|0 a 5 personas|CALLE|RAMON LOPEZ VELARDE|106|||COLONIA|JOSE VASCONCELOS|||68115|0986|024||VENTASCETEEC@GMAIL.COM||2019-11|17.05657849|-96.71236478||CALLE|MARIANO AZUELA|BOULEVARD|EDUARDO VASCONCELOS|CALLE|ANTONIO CASO|20067434226000131000000000U5
14352|1931840|325412|8046|1931840|14|JALISCO|039|Guadalajara|0001|Guadalajara|FITOPHARMA SUPLEMENTOS ALIMENTICIOS|FITOPHARMA SA DE CV|325412|Fabricación de preparaciones farmacéuticas|11 a 30 personas|CALLE|CASTELLANOS Y TAPIA|723|||COLONIA|TALPITA|||44370|119A|011||FITOPHARMA97@HOTMAIL.COM||2010-07|20.68160991|-103.31269518||CALLE|EMILIO RABASA|CALLE|JESUS URUETA|CALLE|RITA PÉREZ DE MORENO|14039722212034552011000000U0
14353|1688316|467112|8047|1688316|14|JALISCO|039|Guadalajara|0001|Guadalajara|MODULMART HUERTA|TABLEROS MADERAS Y COCINAS SA DE CV|467112|Comercio al por menor de pisos y recubrimientos cerámicos|0 a 5 personas|CALLE|ROMÁN MORALES|140|||COLONIA|OBLATOS|||44380|165A|024||VENTAS@MODULMART.COM|WWW.MODULMART.COM|2014-12|20.67147755|-103.32674759||CALLE|GÓMEZ DE MENDIOLA|AVENIDA|JAVIER MINA|CALLE|ESTEBAN LOERA|14039434224001233012028074S0
14353|1687474|467112|8048|1687474|14|JALISCO|039|Guadalajara|0001|Guadalajara|MODULMART MINA|TABLEROS MADERAS Y COCINAS SA DE CV|467112|Comercio al por menor de pisos y recubrimientos cerámicos|0 a 5 personas|AVENIDA|JAVIER MINA|1131|||COLONIA|OBLATOS|||44380|1679|006||VENTAS@MODULMART.COM|WWW.MODULMART.COM|2014-12|20.66960442|-103.32007618||CALLE|RAMÓN BLANCARTE|CALLE|JOSÉ MARÍA GÓMEZ|CALLE|GÓMEZ DE MENDIOLA|14039466111007661010028074S6
14353|1839147|467112|8049|1839147|14|JALISCO|039|Guadalajara|0001|Guadalajara|MODULMART MONTENEGRO|TABLEROS MADERAS Y COCINAS SA DE CV|467112|Comercio al por menor de pisos y recubrimientos cerámicos|0 a 5 personas|CALLE|JOSÉ GUADALUPE MONTENEGRO|1641|||COLONIA|MODERNA|||44190|1838|004||VENTAS@MODULMART.COM|WWW.MODULMART.COM|2010-07|20.66918266|-103.36155743||CALLE|ARGENTINA|CALLE|BÉLGICA|CALLE|MEXICALTZINGO|14039337110000051010028074S6
14353|1871603|467112|8050|1871603|14|JALISCO|039|Guadalajara|0001|Guadalajara|MODULMART TOLSA|TABLEROS MADERAS Y COCINAS SA DE CV|467112|Comercio al por menor de pisos y recubrimientos cerámicos|6 a 10 personas|AVENIDA|ENRIQUE DIAZ DE LEON SUR|633|||COLONIA|MODERNA|||44190|1857|034||VENTAS@MODULMART.COM|WWW.MODULMART.COM|2010-07|20.66697563|-103.35933126||CALLE|VIDRIO|AVENIDA|NIÑOS HÉROES|CALLE|ESCORZA|14039466111006843010028074M1
14353|8984408|467111|8051|8984408|14|JALISCO|067|Puerto Vallarta|0001|Puerto Vallarta|MODULMART VALLARTA|TABLEROS MADERAS Y COCINAS SA DE CV|467111|Comercio al por menor en ferreterías y tlapalerías|0 a 5 personas|AVENIDA|FRANCISCO VILLA|425|||COLONIA|OLIMPICA|||48330|0105|005||||2019-11|20.62983490|-105.22740465||CALLE|SIERRA PIRINEOS|CALLE|LUIS DONALDO COLOSIO|CALLE|RAFAEL OSUNA|14067467111002441000000000U8
14353|6847429|467112|8052|6847429|14|JALISCO|067|Puerto Vallarta|0001|Puerto Vallarta|MODULMART VALLARTA|TABLEROS MADERAS Y COCINAS SA DE CV|467112|Comercio al por menor de pisos y recubrimientos cerámicos|0 a 5 personas|AVENIDA|FRANCISCO VILLA|425|||COLONIA|OLIMPICA VALLARTA|||48330|0105|001||VENTAS@MODULMART.COM|WWW.MODULMART.COM|2018-03|20.62945147|-105.22741066||CALLE|LUIS DONALDO COLOSIO|CALLE|SIERRA PIRINEOS|CALLE|RAFAEL OSUNA|14067466111001141010028074S6
14355|2210493|326290|8053|2210493|15|MÉXICO                      |013|Atizapán de Zaragoza|0001|Ciudad López Mateos|GRUPO ARTICULOS PLASTICOS JOGAR|GRUPO ARTICULOS PLASTICOS JOGAR SA DE CV|326290|Fabricación de otros productos de hule|11 a 30 personas|CALLE|CIRCUITO DOCTOR GUSTAVO BAZ (AVENIDA ALFREDO DEL MAZO)||||COLONIA|INDUSTRIAL MEXICO NUEVO|||52966|1713|011|5555612230||VENTAS1JOGARPLASTICS.COM|2014-12|19.56917062|-99.26255296||CALLE|AVENIDA ADOLFO LOPEZ MATEOS|CALLE|AVENIDA ADOLFO LOPEZ MATEOS|CALLE|CIRCUITO DOCTOR GUSTAVO BAZ (AVENIDA ALFREDO DEL MAZO)|15013326290000043000000000U0
14356|6341780|434222|8054|6341780|14|JALISCO|039|Guadalajara|0001|Guadalajara|GRUPO BERHFER|GRUPO BERHFER SA DE CV|434222|Comercio al por mayor de productos químicos para la industria farmacéutica y para otro uso industrial|11 a 30 personas|CALLE|22|2725||0|ZONA INDUSTRIAL|ZONA INDUSTRIAL|||44940|350A|011||ADIAZ@BERHFER.COM||2010-07|20.63395370|-103.35712180||CALLE|5|CALLE|5|AVENIDA|LÓPEZ DE LEGAZPI|14039434222000451000026804M3
14356|6864541|434222|8055|6864541|19|NUEVO LEÓN   |039|Monterrey|0001|Monterrey|GRUPO BERHFER|GRUPO BERHFER SA DE CV|434222|Comercio al por mayor de productos químicos para la industria farmacéutica y para otro uso industrial|6 a 10 personas|CALLE|GARDENIA|825||0|COLONIA|VICTORIA|||64520|0989|016||ADIAZ@BERHFER.COM||2019-04|25.69942001|-100.30488002||CALLE|DOCTOR JOSÉ MARÍA COS|CALLE|MARIANO ARISTA NORTE|CALLE|ORQUÍDEA|19039434222001503101026804S5
14356|2966797|433210|8056|2966797|19|NUEVO LEÓN   |039|Monterrey|0001|Monterrey|GRUPO BERHFER|GRUPO BERFHER SA DE CV|433210|Comercio al por mayor de artículos de perfumería y cosméticos|6 a 10 personas|CALLE|GARDENIA|853|||COLONIA|VICTORIA|||64520|0989|016|8183519836|VENTASMTY@BERHFERMTY.COM|WWW.COSMOS.COM.MX|2014-12|25.69942221|-100.30499946||CALLE|MARIANO ARISTA NORTE|CALLE|DOCTOR JOSE MARIA COS|CALLE|ORQUÍDEA|19039434222001141011000000S4
14356|8970636|434222|8057|8970636|19|NUEVO LEÓN   |039|Monterrey|0001|Monterrey|GRUPO BERHFER|GRUPO BERHFER SA DE CV|434222|Comercio al por mayor de productos químicos para la industria farmacéutica y para otro uso industrial|0 a 5 personas|CALLE|GARDENIA|853|||COLONIA|VICTORIA|||64520|0989|016||||2019-11|25.69942136|-100.30495332||CALLE|MARIANO ARISTA NORTE|CALLE|DOCTOR JOSE MARIA COS|CALLE|ORQUÍDEA|19039434222001561000000000S3
14357|1876030|431121|8058|1876030|14|JALISCO|039|Guadalajara|0001|Guadalajara|SERVI CARNES DE VALLARTA|SERVI CARNES DE VALLARTA SA DE CV|431121|Comercio al por mayor de carnes rojas|11 a 30 personas|CALLE|30|2585|||COLONIA|ZONA INDUSTRIAL|||44940|2573|019|3331450355|GRUPOSERVICRNES@HOTMEIL.COM||2010-07|20.63481046|-103.35172835||CALLE|5|CALZADA|GOBERNADOR LUIS G. CURIEL|OTRO (ESPECIFIQUE)|N/A|14039461121009913000000000U3
14357|6703266|461121|8059|6703266|14|JALISCO|067|Puerto Vallarta|0001|Puerto Vallarta|SERVICARNES PUERTO VALLARTA|SERVI CARNES DE JALISCO SA DE CV|461121|Comercio al por menor de carnes rojas|0 a 5 personas|CALLE|AQUILES SERDÁN|305|||COLONIA|EMILIANO ZAPATA|||48380|0251|032||SERVICARNESDEJALISCO@OUTLOOK.COM||2016-01|20.60485235|-105.23507000||CALLE|CONSTITUCIÓN|CALLE|INSURGENTES|CALLE|5 DE FEBRERO|14067461121002121000022646S1
14359|1663930|435319|8060|1663930|14|JALISCO|039|Guadalajara|0001|Guadalajara|PROFESIONALES EN EQUIPO Y FILTRACION|PROFESIONALES EN EQUIPO Y FILTRACION SA DE CV|435319|Comercio al por mayor de maquinaria y equipo para otros servicios y para actividades comerciales|6 a 10 personas|CALLE|MASCARONES|1971|||COLONIA|JARDINES DEL COUNTRY|||44210|0064|032|3338230345|PEFIL@PEFIL.COM|WWW.PEFIL.COM|2014-12|20.70725337|-103.36129025||CALLE|MERCADERES|CALLE|MANZANARES|CIRCUITO|DIVISIÓN DEL NORTE|14039435319002392000000000U0
14361|6318938|334220|8061|6318938|09|CIUDAD DE MÉXICO|003|Coyoacán|0001|Coyoacán|MIXBAAL|MIXBAAL SA DE CV|334220|Fabricación de equipo de transmisión y recepción de señales de radio y televisión, y equipo de comunicación inalámbrico|6 a 10 personas|CERRADA|SIEMPRE VIVA|120|||COLONIA|XOTEPINGO|||04610|0696|004||||2010-07|19.32727320|-99.14006158||CERRADA|MUSEO|CALLE|ESPLIEGO|CALZADA|DE TLALPAN|09003334220000011001006246S3
14361|6339347|334220|8062|6339347|14|JALISCO|098|San Pedro Tlaquepaque|0001|Tlaquepaque|MIXBAAL|MIXBAAL SA DE CV|334220|Fabricación de equipo de transmisión y recepción de señales de radio y televisión, y equipo de comunicación inalámbrico|6 a 10 personas|PRIVADA|ÁLAMOS|220|||COLONIA|CIUDAD GRANJA|||45010|2381|005||||2010-07|20.60761005|-103.40301123||PRIVADA|ÁLAMOS|PRIVADA|NINGUNO|PERIFERICO|ANILLO PERIFÉRICO PONIENTE MANUEL GÓMEZ MORÍN|14098334220000014001006246M0
14361|7527700|713120|8063|7527700|30|VERACRUZ DE IGNACIO DE LA LLAVE|077|Isla|0001|Isla|VIDEOJUEGOS Y SERVICIOS DIGITALES MIXBAAL||713120|Casas de juegos electrónicos|0 a 5 personas|AVENIDA|RICARDO FLORES MAGON|0||0|COLONIA|CENTRO|||95641|0168|007|2831246273|||2019-11|18.02721376|-95.52443182||CALLE|IGNACIO ALLENDE|CALLE|MARIANO MATAMOROS|AVENIDA|VICENTE GUERRERO NORTE|30077713120000181000000000U4
14362|6769018|435419|8064|6769018|14|JALISCO|120|Zapopan|0001|Zapopan|SOLAR BERATER|SOLAR BERATER SA DE CV|435419|Comercio al por mayor de otra maquinaria y equipo de uso general|31 a 50 personas|CALZADA|LAZARO CARDENAS|4605|||COLONIA|FRACC PRADOS VALLARTA|||44020|2952|007|3331652591|||2016-10|20.67628413|-103.41521899||CALLE|SANTA CATALINA DE SIENA|AVENIDA|MANUEL J. CLOUTHIER|CALLE|A LAS PRADERAS|14120435419001361001000000U2
14364|1798711|622311|8065|1798711|14|JALISCO|039|Guadalajara|0001|Guadalajara|HOSPITAL SAN PIO|CLINICA SAN PIO SA DE CV|622311|Hospitales del sector privado de otras especialidades médicas|31 a 50 personas|AVENIDA|ADOLFO LOPEZ MATEOS NORTE|760|||COLONIA|LADRON DE GUEVARA|||44600|0933|029|3336168558|HOSPITALSANPIO@HOTMAIL.COM|WWW.HOSPITALSANPIO.COM|2014-12|20.68802525|-103.37818522||AVENIDA|LOPEZ MATEOS NORTE|CALLE|CARLOS F. DE LANDEROS|CALLE|GENERAL EULOGIO PARRA|14039622311000704000000000U8
14366|1889167|435313|8066|1889167|14|JALISCO|039|Guadalajara|0001|Guadalajara|QUIMILAB VENTA DE EQUIPO DE LABORATORIOS|DISEÑO TECNOLOGICO EN LABORATORIOS SA DE CV|435313|Comercio al por mayor de mobiliario, equipo e instrumental médico y de laboratorio|11 a 30 personas|CALZADA|INDEPENDENCIA NORTE|1036|||COLONIA|INDEPENDENCIA|||44340|0755|031|3336381038|FERNANDO@QUIMILAB.COM|WWW.QUIMILAB.COM|2010-07|20.69081351|-103.33325043||ANDADOR|CHIMBORAZO|CALLE|SIERRA MORENA|CALLE|MONTES PIRINEOS|14039435313001823000050540M8
14366|8330297|813110|8067|8330297|14|JALISCO|098|San Pedro Tlaquepaque|0001|Tlaquepaque|QUIMILAB|DISEÑO TECNOLOGICO EN LABORATORIOS SA DE CV|813110|Asociaciones, organizaciones y cámaras de productores, comerciantes y prestadores de servicios|11 a 30 personas|CALLE|NISPERO|622||0|COLONIA|LOMAS DEL TAPATIO|||45588|1449|041||RH@QUIMILAB.COM|WWW.QUIMILAB.COM|2019-11|20.60918609|-103.31236983||CALLE|HONORIO SANCHEZ|CALLE|COLONOS|PRIVADA|MIGUEL HIDALGO|14098813110000153000050540S9
14366|9320354|435313|8068|9320354|18|NAYARIT|017|Tepic|0001|Tepic|DISEÑO TECNOLOGICO EN LABORATORIOS SA DE CV|DISEÑO TECNOLOGICO  EN LABORATORIOS SA DE CV|435313|Comercio al por mayor de mobiliario, equipo e instrumental médico y de laboratorio|0 a 5 personas|AVENIDA|de los Insurgentes Poniente|278||0|COLONIA|FRACCIONAMIENTO ESTADIOS|||63109|1167|022||||2020-11|21.50905952|-104.90205262||CALLE|Paseo de la Alameda|CIRCUITO|Estadios|AVENIDA|Ignacio Allende Poniente|18017435313000301000000000U1
14368|1649900|463211|8069|1649900|14|JALISCO|039|Guadalajara|0001|Guadalajara|MUNDO RECA - SUCURSAL DE MUNDO RECA ALMACEN OUTLET DE ROPA DICKIES||463211|Comercio al por menor de ropa, excepto de bebé y lencería|0 a 5 personas|AVENIDA|REVOLUCION|411|||COLONIA|ANALCO|||44450|1895|014||||2011-03|20.66857463|-103.33887011||CALLE|CLAVEL|CALLE|BURGOS|CALLE|MEDRANO|14039315223000603011047096S1
14368|8384287|463211|8070|8384287|14|JALISCO|039|Guadalajara|0001|Guadalajara|TIENDA DE ROPA OUTLET DICKIE|MUNDO RECA SA DE CV|463211|Comercio al por menor de ropa, excepto de bebé y lencería|6 a 10 personas|AVENIDA|REVOLUCION|413|||COLONIA|BARRIO SAN JUAN DE DIOS II|||44450|1895|014||||2019-11|20.66854434|-103.33878975||CALLE|CLAVEL|CALLE|BURGOS|CALLE|MEDRANO|14039463211052752000047096M8
14369|7162039|435412|8071|7162039|08|CHIHUAHUA|019|Chihuahua|0001|Chihuahua|MOETTI|MOETTI MOBILIARIO Y DECORACION SA DE CV|435412|Comercio al por mayor de mobiliario y equipo de oficina|0 a 5 personas|BOULEVARD|ANTONIO ORTIZ MENA|3128||2|COLONIA|MAGISTERIAL UNIVERSIDAD|||31203|308A|025|6144386752|||2019-11|28.65518677|-106.09950602||CALLE|MEDICINA|CALLE|ARQUITECTURA|CALLE|MOZART|08019435412000221000000000U6
14369|6341099|435412|8072|6341099|14|JALISCO|039|Guadalajara|0001|Guadalajara|MOETTI|MOETTI SA DE CV|435412|Comercio al por mayor de mobiliario y equipo de oficina|11 a 30 personas|AVENIDA|CHAPULTEPEC SUR|470|||COLONIA|OBRERA CENTRO|||44160|2130|020||CLOPEZ@MOETTI.COM|WWW.MOETTI.COM|2010-07|20.66896667|-103.36864680||CALLE|MEXICALTZINGO|CALLE|JOSE GUADALUPE MONTENEGRO|CALLE|MARSELLA|14039435412000462001000000U6
14370|6157208|484129|8073|6157208|14|JALISCO|098|San Pedro Tlaquepaque|0001|Tlaquepaque|TRANSPORTES COMERCIALES Y PAQUETERIA, SA DE CV|LOGISTICA COMPAQSA S DE RL DE CV|484129|Otro autotransporte foráneo de carga general|11 a 30 personas|OTRO (ESPECIFIQUE)|SAN PEDRO APÓSTOL|857||0|COLONIA|LOMAS DE SAN MIGUEL|||45589|1097|003||COMPAQSA@HOTMAIL.COM||2010-07|20.62255057|-103.30557497||CALLE|SAN RAFAEL ARCANGEL|PROLONGACION|LAZARO CARDENAS|CALLE|CAPULIN|14098485111000131000000000U0
14371|6313255|435220|8074|6313255|09|CIUDAD DE MÉXICO|007|Iztapalapa|0001|Iztapalapa|GRUPO EMPAC SA DE CV|GRUPO EMPAC SA DE CV|435220|Comercio al por mayor de maquinaria y equipo para la industria manufacturera|11 a 30 personas|CALLE|BELLAVISTA|42||0|COLONIA|SAN JUAN XALPA|||09850|5713|024||||2010-07|19.33378185|-99.08651667||CALLE|ALMENDROS|OTRO (ESPECIFIQUE)|SIN REFERENCIA|CALLE|NAUTLA|09007435220000153000005930S2
14371|6337639|435220|8075|6337639|14|JALISCO|120|Zapopan|0001|Zapopan|GRUPO EMPAC|GRUPO EMPAC SA DE CV|435220|Comercio al por mayor de maquinaria y equipo para la industria manufacturera|31 a 50 personas|CALLE|CEDROS|960||0|COLONIA|CIUDAD GRANJA|||45010|1206|007||||2010-07|20.68659155|-103.45212240||OTRO (ESPECIFIQUE)|19|OTRO (ESPECIFIQUE)|5|AVENIDA|CAMICHINES|14120435220000235001005930M1
14372|1649695|311830|8076|1649695|14|JALISCO|039|Guadalajara|0001|Guadalajara|INDUSTRIALES DEL MAIZ GRUPO ARANDAS|INDUSTRIALES DEL MAIZ GRUPO ARANDAS SA DE CV|311830|Elaboración de tortillas de maíz y molienda de nixtamal|6 a 10 personas|CALLE|JOAQUIN ANGULO|844|||COLONIA|ARTESANOS|||44200|1113|011|3338255840|GPOARANDAS@HOTMAIL.COM||2012-06|20.68191344|-103.35707349||CALLE|JESUS|CALLE|CRUZ VERDE|CALLE|HERRERA Y CAIRO|14039311830006891001000000U2
14373|1835562|311423|8077|1835562|14|JALISCO|120|Zapopan|0001|Zapopan|FABRICA DE PRODUCTOS ALIMENTICIOS|PRODUCTOS ALIMENTICIOS ZAPOPANOS SA DE CV|311423|Conservación de guisos y otros alimentos preparados por procesos distintos a la congelación|31 a 50 personas|CALLE|LA VILLA|359|||COLONIA|SAN ISIDRO EJIDAL|||45147|0265|019|3336331041|||2010-07|20.72814808|-103.39391516||CALLE|CUAUHTEMOC|CALLE|MOCTEZUMA|CALLE|SAN FRANCISCO DE SALES|14120311423000012000000000U3
14374|1635913|467111|8078|1635913|14|JALISCO|120|Zapopan|0001|Zapopan|TORNILLOS ESPECIALIZADOS DE OCCIDENTE|TORNILLOS ESPECIALIZADOS DE OCCIDENTE SA DE CV|467111|Comercio al por menor en ferreterías y tlapalerías|0 a 5 personas|AVENIDA|DE LOS CEREZOS|945|||COLONIA|LA TUZANIA|||45130|1812|009|3336565505|CONTACTO@TORNILLOSESPECIALIZADOS.COM|WWW.TORNILLOSESPECIALIZADOS.COM|2010-07|20.73251592|-103.41304203||CALLE|DEL NOGAL|CALLE|DE LOS NISPEROS|CALLE|DE LOS NÍSPEROS|14120467111004882000000000U8
14374|6797686|467111|8079|6797686|14|JALISCO|120|Zapopan|0001|Zapopan|TORNILLOS ESPECIALIZADOS DE OCCIDENTE|TORNILLOS ESPECIALIZADOS DE OCCIDENTETE SA DE CV|467111|Comercio al por menor en ferreterías y tlapalerías|6 a 10 personas|CALLE|MARINA MAZATLAN|180||3|COLONIA|SANTA MARGARITA|||45130|3397|003|3336565505|CONTACTO@TORNILLOSESPECIALIZADOS.COM|WWW.TORNILLOSESPECIALIZADOS.COM|2017-11|20.73215869|-103.42054694||CALLE|MARINA BAJAMAR|CALLE|SANTA CLEMENTINA|PRIVADA|SAN PEDRO|14120467111008413001000000U8
14375|6340907|326194|8080|6340907|14|JALISCO|120|Zapopan|0001|Zapopan|SISTEMAS AGROPECUARIO JAT|SISTEMAS AGROPECUARIOS JAT SA DE CV|326194|Fabricación de otros productos de plástico de uso industrial sin reforzamiento|51 a 100 personas|CALLE|SAN JUAN|85||0|COLONIA|TEPEYAC|||45150|027A|004||ADMINISTRACION@JAT.COM.MX||2010-07|20.72361353|-103.38615126||CALLE|INDUSTRIA|CALLE|JUAN MANUEL|AVENIDA|JUAN PABLO II|14120326199000235011024901M9
14375|6786940|326198|8081|6786940|14|JALISCO|120|Zapopan|0001|Zapopan|SISTEMAS AGROPECUARIOS JAT|SISTEMAS AGROPECUARIOS JAT SA DE CV|326198|Fabricación de otros productos de plástico con reforzamiento|0 a 5 personas|BOULEVARD|DE LOS CHARROS|1890||0|COLONIA|EL VIGÍA|||44130|1009|001||||2017-03|20.73914044|-103.39438783||BOULEVARD|ANILLO PERIFÉRICO NORTE MANUEL GÓMEZ MORÍN|CALLE|MELCHOR OCAMPO|CALLE|DEL MEDIERO|14120326191000251010024901S3
14382|6146393|236221|8082|6146393|14|JALISCO|120|Zapopan|0001|Zapopan|CONSTRUCTORA CAUTIN, SA DE CV|CONSTRUCTORA CAUTIN SA DE CV|236221|Edificación de inmuebles comerciales y de servicios, excepto la supervisión|11 a 30 personas|AVENIDA|VALLARTA EJE PONIENTE|6503||34|CORREDOR INDUSTRIAL|CIUDAD GRANJA|CONCENTRO|34|45010|1206|018||||2010-07|20.69205232|-103.45133040|EDIFICIO COMERCIAL Y DE SERVICIOS|CALLE|NINGUNO|CALLE|ANILLO PERIFURICO PONIENTE MANUEL GOMEZ MORIN|AVENIDA|CAMICHINES|14120236221000251000000000U7
14384|9326926|236111|8083|9326926|01|AGUASCALIENTES|005|Jesús María|0001|Jesús María|C0NSTRUCTORA DE CASA INNOVACION EN CONSTRUCCION|INNOVACION EN CONSTRUCCION SA DE CV|236111|Edificación de vivienda unifamiliar|0 a 5 personas|CALLE|CALZADA VILLA PLATA|302|||FRACCIONAMIENTO|ALCAZAR RESIDENCIAL|||20908|068A|025||||2020-11|21.95297937|-102.31586059||CALLE|NINGUNO|OTRO (ESPECIFIQUE)|SIN REFERENCIA|CALLE|NINGUNO|01005236111000321000000000U1
14384|9316837|236111|8084|9316837|01|AGUASCALIENTES|005|Jesús María|0001|Jesús María|CASA COMODA SA DE CV|CASA COMODA SA DE CV|236111|Edificación de vivienda unifamiliar|0 a 5 personas|CALLE|Buenavista|325||0|FRACCIONAMIENTO|BUENA VISTA II|||20928|0637|011||ARMANDO70_@HOTMAIL.COM||2020-11|21.97148504|-102.35815291||CALLE|Polen|CALLE|Colorín|CALLE|Jazmín|01005236111000301000000000U0
14384|8286338|236112|8085|8286338|01|AGUASCALIENTES|001|Aguascalientes|0001|Aguascalientes|CASAS JAVER |SERVICIOS ADMINISTRATIVOS JAVER SA DE CV|236112|Edificación de vivienda multifamiliar|101 a 250 personas|CALLE|SIERRA AZUL|937|||FRACCIONAMIENTO|BOSQUES DEL PRADO SUR|||20127|2278|026||NDIAZ@JAVER.COM.MX||2019-11|21.91167722|-102.31116163||AVENIDA|UNIVERSIDAD|CALLE|SIERRA DE TEPOZTLAN|CALLE|SIERRA PINTADA|01001236111002504000000000U7
14384|8515173|236111|8086|8515173|01|AGUASCALIENTES|001|Aguascalientes|0001|Aguascalientes|CASAS JAVER|CASAS JAVER SA DE CV|236111|Edificación de vivienda unifamiliar|0 a 5 personas|CALLE|ROSAURA LECHUGA JAUREGUI||||FRACCIONAMIENTO|VIÑEDOS DEL SUR|||20298|1161|036||VLOZANO@JAVER.COM.MX|WWW.CASASJAVER.COM.MX|2019-11|21.80714597|-102.27305346||CALLE|LADISLAO JUAREZ PONCE|CALLE|JESUS DURON|CALLE|FELIPE COSÍO GUTIÉRREZ DE VELAZCO|01001236111001891000014877S9
14384|7621790|236111|8087|7621790|01|AGUASCALIENTES|001|Aguascalientes|0001|Aguascalientes|CASAS JAVER|CASAS JAVER SA DE CV|236111|Edificación de vivienda unifamiliar|0 a 5 personas|CALLE|JOSE CIRIO GOMEZ ANAYA|0||0|FRACCIONAMIENTO|VIÑEDOS DEL SUR|||20298|1161|031|||WWW.CASASJAVER.COM.MX|2019-11|21.80661962|-102.27556840||CALLE|JOSE FLORES VACA|CALLE|EDMUNDO BAEZ|CALLE|ESTANISLAO DÍAZ SORIA|01001236111001921000014877S4
14384|8515172|236111|8088|8515172|01|AGUASCALIENTES|001|Aguascalientes|0001|Aguascalientes|CASAS JAVER|CASAS JAVER SA DE CV|236111|Edificación de vivienda unifamiliar|11 a 30 personas|CALLE|JOSE CIRIO GOMEZ ANAYA|102|||FRACCIONAMIENTO|VIÑEDOS DEL SUR|||20298|1161|031|4492739338||WWW.CASASJAVER.COM.MX|2019-11|21.80658005|-102.27556726||CALLE|JOSE FLORES VACA|CALLE|EDMUNDO BAEZ|CALLE|ESTANISLAO DÍAZ SORIA|01001236111001883000014877S6
14384|8515174|236111|8089|8515174|01|AGUASCALIENTES|001|Aguascalientes|0001|Aguascalientes|CASASJAVER|CASAS JAVER SA DE CV|236111|Edificación de vivienda unifamiliar|11 a 30 personas|CALLE|JOSE CIRIO GOMEZ ANAYA||||FRACCIONAMIENTO|VIÑEDOS DEL SUR|||20298|1161|031||VLOZANO@JAVER.COM.MX|WWW.CASASJAVER.COM.MX|2019-11|21.80656705|-102.27556688||CALLE|JOSE FLORES VACA|CALLE|EDMUNDO BAEZ|CALLE|ESTANISLAO DÍAZ SORIA|01001236111001903000014877S2
14384|8499760|237312|8090|8499760|01|AGUASCALIENTES|005|Jesús María|0001|Jesús María|CONSTRUCTORA DE CASA GYG|G Y G CONSTRUCTORES SA DE CV|237312|Construcción de carreteras, puentes y similares|0 a 5 personas|CALLE|VIÑA ANTIGUA|100|||FRACCIONAMIENTO|JESUS MARIA|||20908|0694|020|4499712537||WWW.VINAANTIGUA.MX|2019-11|21.94885881|-102.31246980||OTRO (ESPECIFIQUE)|NINGUNO|OTRO (ESPECIFIQUE)|NINGUNO|OTRO (ESPECIFIQUE)|NINGUNO|01005236111000211000041419S2
14384|6295|311910|8091|6295|01|AGUASCALIENTES|001|Aguascalientes|0001|Aguascalientes|BOTANAS CASA ORTEGA||311910|Elaboración de botanas|11 a 30 personas|AVENIDA|HEROE DE NACOZARI SUR|2421|||FRACCIONAMIENTO|JARDINES DEL PARQUE|||20276|159A|043|4491715180|BOTANASCASAORTEGA@HOTMAIL.COM||2010-07|21.85487690|-102.28241148||AVENIDA|AVENIDA DEL LAGO|CALLE|PASEO DE LOS CISNES|CALLE|PASEO DE LOS CISNES|01001311910000533000000000U1
14384|7702980|314911|8092|7702980|01|AGUASCALIENTES|001|Aguascalientes|0001|Aguascalientes|CASA DE DISEÑO MEXICANO TUNA||314911|Confección de costales|0 a 5 personas|CALLE|LICENCIADO FRANCISCO PRIMO VERDAD|202|PLAZA SAN JOSE|2|COLONIA|ZONA CENTRO|||20000|0638|011|4492139761|||2019-11|21.88359532|-102.29330931||CALLE|GENERAL IGNACIO ZARAGOZA|CALLE|RAMON LOPEZ VELARDE|CALLE|PEDRO PARGA|01001314911000011000000000U3
14384|8525224|315225|8093|8525224|01|AGUASCALIENTES|001|Aguascalientes|0001|Aguascalientes|CASA DE LAS ROSAS||315225|Confección de prendas de vestir sobre medida|0 a 5 personas|CALLE|GENERAL ALVARO OBREGON|340|||COLONIA|ZONA CENTRO|||20000|0515|006|4493520277|||2019-11|21.88625200|-102.29363697||CALLE|CONDELL|CALLE|GENERAL IGNACIO ZARAGOZA|CALLE|MELCHOR OCAMPO 224|01001315225001491000000000U0
14384|7666718|311611|8094|7666718|01|AGUASCALIENTES|007|Rincón de Romos|0001|Rincón de Romos|CASA DE MATANZA|PRESIDENCIA MUNICIPAL |311611|Matanza de ganado, aves y otros animales comestibles|0 a 5 personas|AVENIDA|INSURGENTES ORIENTE|700||0|BARRIO|EL CHAVEÑO|||20400|0237|024|4659510203|||2019-11|22.22800530|-102.31395430||PRIVADA|GUEL JIMENEZ|CALLE|DELFINO V. ARAUJO|PRIVADA|GUEL JIMÉNEZ|01007311611000031000000000U7
14384|20144|315225|8095|20144|01|AGUASCALIENTES|001|Aguascalientes|0001|Aguascalientes|CASA DE MODAS FAVO LOPEZ DISEÑADORA BY CASA ROSA||315225|Confección de prendas de vestir sobre medida|0 a 5 personas|AVENIDA|FRANCISCO I. MADERO|464|||COLONIA|ZONA CENTRO|||20000|0642|010|4491376825|FAVOLOPEZ80@GMAIL.COM||2010-07|21.88331595|-102.28818818||CALLE|AGUSTIN R. GONZALEZ|CALLE|COSIO NORTE|CALLE|GONZÁLEZ SARACHO|01001315229000621010000000U5
14384|8850314|311812|8096|8850314|01|AGUASCALIENTES|001|Aguascalientes|0001|Aguascalientes|CASA DEL PAY||311812|Panificación tradicional|0 a 5 personas|CALLE|CALLE DEL FRESNO|123|||FRACCIONAMIENTO|CAMPESTRE SEGUNDA SECCION|||20130|1960|003|4491553638|KARLISRMZ4@GMAIL.COM||2019-11|21.92422748|-102.31860771||CALLE|FRONTERA|CALLE|CALLE DEL FRESNO|CALLE|GLACIAR|01001311812005331000000000U3
14384|8525173|311812|8097|8525173|01|AGUASCALIENTES|001|Aguascalientes|0001|Aguascalientes|CASA DEL PAY||311812|Panificación tradicional|6 a 10 personas|AVENIDA|HEROE DE NACOZARI NORTE|906|||COLONIA|GREMIAL|||20030|0549|013||||2019-11|21.89128909|-102.28501433||CALLE|INDEPENDENCIA DE MEXICO|CALLE|VASCO DE GAMA|CALLE|20 DE NOVIEMBRE|01001311812005722000000000M3
14384|12391|311930|8098|12391|01|AGUASCALIENTES|005|Jesús María|0182|Casa Leal [Viñedos]|CASA LEAL VIÑEDOS Y VÍNICOLA|LA BORDALESA SA DE CV|311930|Elaboración de concentrados, polvos, jarabes y esencias de sabor para bebidas|11 a 30 personas|PROLONGACION|INDEPENDENCIA|801||0|GRANJA|GRANJA LOS CHESPIRITOS|||20924|0035|800||contabilidad1@megauva.com.mx||2010-07|21.97624810|-102.29236923||OTRO (ESPECIFIQUE)|A SAN JOSE EL ALTO|OTRO (ESPECIFIQUE)|SIN REFERENCIA|OTRO (ESPECIFIQUE)|MANZANA 800|01001461211001381102000000U5
14384|7703160|315223|8099|7703160|01|AGUASCALIENTES|001|Aguascalientes|0001|Aguascalientes|CASA MARTINEZ CABRERO||315223|Confección en serie de uniformes|0 a 5 personas|CALLE|VALENTIN GOMEZ FARIAS|335|||BARRIO|DE GUADALUPE|||20059|0572|008|4498053041|||2019-11|21.88517793|-102.30104931||CALLE|LIBERTAD|CALLE|PLAN DE AYUTLA|CALLE|LARREÁTEGUI|01001315223001301000000000U6
14384|541|311513|8100|541|01|AGUASCALIENTES|003|Calvillo|0001|Calvillo|CASA VALDEZ DE QUESO ADOBERA||311513|Elaboración de derivados y fermentos lácteos|0 a 5 personas|CALLE|INDEPENDENCIA|215||0|COLONIA|CENTRO|||20800|0187|005||||2010-07|21.84630240|-102.72053037||CALLE|VICENTE GUERRERO|CALLE|MATAMOROS|CALLE|5 DE MAYO|01003311513000021000000000U5
14384|344|311513|8101|344|01|AGUASCALIENTES|003|Calvillo|0001|Calvillo|CASA VALMAR||311513|Elaboración de derivados y fermentos lácteos|0 a 5 personas|CALLE|5 DE MAYO|209||0|COLONIA|CENTRO|||20800|0219|037||||2010-07|21.84552242|-102.72011846||CALLE|MATAMOROS|CALLE|VICENTE GUERRERO|CALLE|JESÚS TERÁN|01003311513000061000000000U1
14384|7702773|315225|8102|7702773|01|AGUASCALIENTES|001|Aguascalientes|0001|Aguascalientes|CASA VELVA BOUTIQUE||315225|Confección de prendas de vestir sobre medida|0 a 5 personas|CALLE|GENERAL JOSE MARIA ARTEAGA|325|||COLONIA|ZONA CENTRO|||20000|0515|002|4491972332|VALDEZVELVA@GMAIL.COM||2019-11|21.88764026|-102.29545671||CALLE|CONDELL|CALLE|GENERAL IGNACIO ZARAGOZA|CALLE|GUZMÁN|01001315225001351000000000U6
14384|304|314120|8103|304|01|AGUASCALIENTES|001|Aguascalientes|0001|Aguascalientes|CASA Y COSAS|CASA Y COSAS SA DE CV|314120|Confección de cortinas, blancos y similares|11 a 30 personas|CALLE|FRANCISCO G. HORNEDO|556||0|COLONIA|ZONA CENTRO|||20000|0712|009|4499183100|CASAYCOSAS4@HOTMAIL.COM||2010-07|21.88139782|-102.28786433||CALLE|COSIO SUR|PRIVADA|NINGUNO|CALLE|JUAN DE MONTORO|01001314120000783000052441M5
14384|8624699|311513|8104|8624699|01|AGUASCALIENTES|001|Aguascalientes|0001|Aguascalientes|ELABORACION PRODUCTOS LACTEOS Y CARNICOS|PRODUCTOS AGROECUARIOS CASA VILLALOBOS S DE RL |311513|Elaboración de derivados y fermentos lácteos|0 a 5 personas|CALLE|PIRULES|300|||FRACCIONAMIENTO|LA BARRANCA DE GUADALUPE|||20237|2051|004||ADMINISTRACION@CASAVILLALOBO.COM.MX||2019-11|21.86922032|-102.31221750||CALLE|NUBINA|CALLE|CATALUÑA|CALLE|ESPAÑA|01001311513000881000000000U6
14384|8541541|311812|8105|8541541|01|AGUASCALIENTES|001|Aguascalientes|0001|Aguascalientes|LA CASA DEL PASTE TRADICIONAL||311812|Panificación tradicional|0 a 5 personas|CALLE|EL SALTO DE LOS SALADO|0||0|FRACCIONAMIENTO|OJOCALIENTE I|||20190|230A|033|4491237179|||2019-11|21.88218924|-102.25539187||AVENIDA|OJOCALIENTE|CALLE|CENTRO DE ARRIBA|CALLE|CHICALOTE|01001311812005841000000000U1
14384|43846|311812|8106|43846|01|AGUASCALIENTES|001|Aguascalientes|0001|Aguascalientes|PANIFICADORA CASA BLANCA||311812|Panificación tradicional|0 a 5 personas|AVENIDA|SIGLO XIX|201|||FRACCIONAMIENTO|LOMAS DE SANTANITA|||20169|1636|053|4491816110|||2014-12|21.89203464|-102.27182151||CALLE|JUANA DE ASBAJE|CALLE|RUBEN DARIO|CALLE|ALFONSO GARCÍA R.|01001311812003081000000000U6
14384|14062|311812|8107|14062|01|AGUASCALIENTES|001|Aguascalientes|0001|Aguascalientes|PANIFICADORA CASA BLANCA||311812|Panificación tradicional|0 a 5 personas|AVENIDA|MARIANO ESCOBEDO|199|||FRACCIONAMIENTO|CASA BLANCA|||20297|2672|004|4493522369|||2010-07|21.85752747|-102.27306603||CALLE|VIVERO DE LA LOMA|AVENIDA|MONTE ALBAN|CALLE|VIVERO DE LA HACIENDA|01001311812001111000000000M3
14384|8387736|311812|8108|8387736|01|AGUASCALIENTES|007|Rincón de Romos|0001|Rincón de Romos|PASTELERIA LA CASA PASTELA||311812|Panificación tradicional|0 a 5 personas|AVENIDA|MORELOS|212|||COLONIA|CENTRO|||20400|0063|015|4499063388|NENONA@HOTMAIL.COM||2019-11|22.23085408|-102.32091758||CALLE|IGNACIO ALLENDE ORIENTE|CALLE|VICTORIA|CALLE|MÉXICO|01007311812000321000000000U6
14384|5733|311830|8109|5733|01|AGUASCALIENTES|001|Aguascalientes|0001|Aguascalientes|TORTILLERIA CASA BLANCA||311830|Elaboración de tortillas de maíz y molienda de nixtamal|0 a 5 personas|RETORNO|J. GOMEZ PORTUGAL|111||0|UNIDAD HABITACIONAL|IV CENTENARIO|||20260|0905|003|4491083415|||2010-07|21.87139322|-102.27920534||AVENIDA|AVENIDA DE LOS FUNDADORES|AVENIDA|HOMBRES ILUSTRES|AVENIDA|AVENIDA DE LOS FUNDADORES|01001311830000591000000000U9
14384|5990|311830|8110|5990|01|AGUASCALIENTES|001|Aguascalientes|0001|Aguascalientes|TORTILLERIA CASA BLANCA||311830|Elaboración de tortillas de maíz y molienda de nixtamal|0 a 5 personas|CALLE|CASA BLANCA|0||0|FRACCIONAMIENTO|MEXICO|||20270|0962|009||||2010-07|21.86235869|-102.28101281||CALLE|MICHOACAN|CALLE|TAMAULIPAS|AVENIDA|AGUASCALIENTES SUR|01001311830001971000000000U2
14384|8195695|332320|8111|8195695|01|AGUASCALIENTES|003|Calvillo|0055|Ojocaliente|BALCONERIA LA CASA GRANDE||332320|Fabricación de productos de herrería|0 a 5 personas|CALLE|NINGUNO||||LOCALIDAD|OJOCALIENTE|||20834|0079|036|4951015994|||2019-11|21.87001089|-102.67588413||CALLE|NINGUNO|AVENIDA|INSURGENTES|CALLE|SAUZ|01003332320000411000000000U3
14384|6905719|339999|8112|6905719|01|AGUASCALIENTES|001|Aguascalientes|0001|Aguascalientes|CASA DE MUÑECAS||339999|Otras industrias manufactureras|0 a 5 personas|PROLONGACION|GENERAL IGNACIO ZARAGOZA|607|CENTRO Y PLAZA COMERCIAL|7|FRACCIONAMIENTO|CRISTOBAL COLON|PLAZA CHARMY|7|20115|2386|009|4495391308|||2019-11|21.92603884|-102.30481317|CENTRO Y PLAZA COMERCIAL|CALLE|POTREROS|PRIVADA|MOLINO|BOULEVARD|LUIS DONALDO COLOSIO|01001339999001051000000000U4
14384|39268|339999|8113|39268|01|AGUASCALIENTES|001|Aguascalientes|0001|Aguascalientes|LA CASA DEL MARCO||339999|Otras industrias manufactureras|0 a 5 personas|PROLONGACION|GENERAL IGNACIO ZARAGOZA|516|||FRACCIONAMIENTO|BOSQUES DEL PRADO NORTE|||20127|2263|016|4491553719|CASADELMARCO@HOTMAIL.COM||2014-12|21.91619712|-102.30399760||CALLE|SIERRA DEL LAUREL|AVENIDA|AGUASCALIENTES NORTE|CALLE|VALLE DE GUADALUPE|01001339999000091000000000U1
14384|6943893|339991|8114|6943893|01|AGUASCALIENTES|001|Aguascalientes|0001|Aguascalientes|PROFECIONAL CASES||339991|Fabricación de instrumentos musicales|0 a 5 personas|AVENIDA|MAHATMA GANDHI|215|||FRACCIONAMIENTO|LAS AMERICAS|||20230|0869|002||TATEMA2000@HOTMAIL.COM||2019-11|21.86742829|-102.29563608||CALLE|REPUBLICA DE COSTA RICA|CALLE|REPUBLICA DOMINICANA|CALLE|REPÚBLICA DE ARGENTINA|01001339991000021000000000U5
14384|6280909|431110|8115|6280909|01|AGUASCALIENTES|001|Aguascalientes|0001|Aguascalientes|ABARROTES CASA BLANCA|NEGOCIACION COMERCIAL ANDA MONTERO SA DE CV|431110|Comercio al por mayor de abarrotes|0 a 5 personas|CALLE|NINGUNO|83|||CONDOMINIO|CENTRO DISTRIBUIDOR DE BASICOS|CENTRO DISTRIBUIDOR DE BASICOS|83|20135|1975|040||||2013-07|21.91471171|-102.29695191|CENTRAL DE ABASTO|BOULEVARD|BOULEVARD A ZACATECAS|AVENIDA|INDEPENDENCIA|AVENIDA|ARNULFO M. VALDÉS|01001431110000323000000029S9
14384|6281412|431110|8116|6281412|01|AGUASCALIENTES|001|Aguascalientes|0001|Aguascalientes|ABARROTES CASA BLANCA|NEGOCIACION COMERCIAL ANDA MONTERO SA DE CV|431110|Comercio al por mayor de abarrotes|51 a 100 personas|CALLE|CEREALES|37|||COLONIA|CENTRO COMERCIAL AGROPECUARIO|CENTRO COMERCIAL AGROPECUARIO|37|20135|1975|016||ADMINISTRACION@NEGOCIACIONCOMERCIAL.COM||2010-07|21.91203813|-102.29587732|CENTRAL DE ABASTO|CALLE|COMERCIO|CALLE|SOYA|BOULEVARD|BOULEVARD A ZACATECAS|01001431110000305000000029M6
14384|8593163|431110|8117|8593163|01|AGUASCALIENTES|005|Jesús María|0458|San Marcos (Central de Abastos) [Viñedos]|BODEGA CASA RENTERIA||431110|Comercio al por mayor de abarrotes|0 a 5 personas|CALLE|VIÑEDOS SAN JOSE|108|||COLONIA|SAN MARCOS CENTRAL DE ABASTOS VIÑEDOS|||20920|0035|014||||2019-11|21.97403628|-102.29023250||CALLE|NINGUNO|CALLE|SIN REFERENCIA|CALLE|NINGUNO|01005431110000161000000000S4
14384|18758|434111|8118|18758|01|AGUASCALIENTES|001|Aguascalientes|0001|Aguascalientes|CASA DEL HORTELANO, SEMILLA INCECTICIDAS||434111|Comercio al por mayor de fertilizantes, plaguicidas y semillas para siembra|0 a 5 personas|CALLE|5 DE MAYO|513||0|COLONIA|ZONA CENTRO|||20000|0515|032|4499157130|||2010-07|21.88633770|-102.29710107||CALLE|LARREATEGUI|CALLE|LICENCIADO BENITO JUAREZ|CALLE|LICENCIADO BENITO JUÁREZ|01001434111000091000000000U7
14384|6281030|435220|8119|6281030|01|AGUASCALIENTES|001|Aguascalientes|0001|Aguascalientes|CASA DIAZ DE AGUASCALIENTES|CASA DIAZ DE AGUASCALIENTES SA DE CV|435220|Comercio al por mayor de maquinaria y equipo para la industria manufacturera|6 a 10 personas|AVENIDA|CONVENCIÓN DE 1914 PONIENTE|1902|||COLONIA|OLIVARES SANTANA|||20010|0322|017||CDADM@MAXO.COM.MX|WWW.CASADIAZDEAGUASCALIENTES.COM.MX|2010-07|21.89349245|-102.31237515||CALLE|PEDRO GARCÍA ROJAS|CALLE|AURELIO GONZÁLEZ|AVENIDA|CONVENCIÓN DE 1914 PONIENTE|01001435220000412001000000U3
14384|9357944|431140|8120|9357944|01|AGUASCALIENTES|005|Jesús María|0041|Jesús Gómez Portugal (Margaritas)|CASA LOPEZ||431140|Comercio al por mayor de huevo|0 a 5 personas|AVENIDA|AVENIDA A SAN ANTONIO DE LOS HORCONES|501|||FRACCIONAMIENTO|VALLE DE MARFARITAS|||20909|0478|020|4491783262|||2021-05|21.99250492|-102.29120791||CALLE|LIRIO|CALLE|NUEVA|CALLE|NUEVA|01005431140000021000000000U7
14384|6281206|433410|8121|6281206|01|AGUASCALIENTES|001|Aguascalientes|0001|Aguascalientes|CASA MARCHAND VICTORIA|CASA MARCHAND SA DE CV|433410|Comercio al por mayor de artículos de papelería|11 a 30 personas|CALLE|GENERAL GUADALUPE VICTORIA|312|||COLONIA|CENTRO|||20000|0623|013||SCLIENTES@MARCHAND.COM.MX|WWW.MARCHAND.COM.MX|2010-07|21.88296214|-102.29813420||CALLE|RIVERO Y GUTIÉRREZ|AVENIDA|GUADALUPE|CALLE|GOROSTIZA|01001433410000131002003990S8
14384|11103|431130|8122|11103|01|AGUASCALIENTES|001|Aguascalientes|0001|Aguascalientes|CASA MARTINEZ||431130|Comercio al por mayor de frutas y verduras frescas|0 a 5 personas|CALLE|MESONES|149||0|ZONA COMERCIAL|CENTRO COMERCIAL AGROPECUARIO|||20135|1975|044||||2010-07|21.91325729|-102.29610950||PRIVADA|NINGUNO|CALLE|CEREALES|CALLE|COMERCIO|01001461130005301000000000U1
14384|33217|433110|8123|33217|01|AGUASCALIENTES|001|Aguascalientes|0001|Aguascalientes|CASA MARZAN SA DE CV|CASA MARZAM SA DE CV|433110|Comercio al por mayor de productos farmacéuticos|11 a 30 personas|AVENIDA|QUINTA|110||1|FRACCIONAMIENTO|LAS AMÉRICAS|||20230|0869|014||DVILLALOBOS@MARZAN.COM.MX|WWW.MARZAN.COM.MX|2010-07|21.86950096|-102.29746322||CALLE|REPÚBLICA DE ECUADOR|CALLE|REPÚBLICA DE COLOMBIA|CALLE|YPACARAÍ|01001433110000311001003692S2
14384|11127|431150|8124|11127|01|AGUASCALIENTES|001|Aguascalientes|0001|Aguascalientes|CASA MUÑOZ||431150|Comercio al por mayor de semillas y granos alimenticios, especias y chiles secos|0 a 5 personas|AVENIDA|ARNULFO M. VALDES|31||31|COLONIA|CENTRO COMERCIAL AGROPECUARIO|||20135|1975|027|4499965675|||2010-07|21.91406726|-102.29296099||CALLE|CHABACANO|CALLE|MANZANO|CALLE|NARANJO|01001461140001071000000000U3
14384|12313|431140|8125|12313|01|AGUASCALIENTES|001|Aguascalientes|0001|Aguascalientes|CASA MUÑOZ||431140|Comercio al por mayor de huevo|6 a 10 personas|CALLE|TRIGO|67||0|COLONIA|CENTRO COMERCIAL AGROPECUARIO|||20135|1975|021||CASAMUNOZ_AGS@HOTMAIL.COM||2010-07|21.91184446|-102.29664293||CALLE|UVA|PRIVADA|NINGUNO|CALLE|MAÍZ|01001431140000042000000000U2
14384|27178|434112|8126|27178|01|AGUASCALIENTES|006|Pabellón de Arteaga|0001|Pabellón de Arteaga|CASA MUÑOZ MAICERIA||434112|Comercio al por mayor de medicamentos veterinarios y alimentos para animales, excepto mascotas|0 a 5 personas|AVENIDA|16 DE SEPTIEMBRE|10|||COLONIA|CENTRO|||20670|0085|027||||2010-07|22.14820372|-102.27527433||AVENIDA|PLUTARCO ELIAS CALLES|AVENIDA|VENUSTIANO CARRANZA|CALLE|VALENTÍN GÓMEZ FARÍAS|01006434111000011000000000U4
14384|10841|431130|8127|10841|01|AGUASCALIENTES|001|Aguascalientes|0001|Aguascalientes|CASA NUÑEZ||431130|Comercio al por mayor de frutas y verduras frescas|6 a 10 personas|CALLE|MESONES|152||0|ZONA COMERCIAL|CENTRO COMERCIAL AGROPECUARIO|||20135|1975|037||||2010-07|21.91347274|-102.29673490||PRIVADA|NINGUNO|CALLE|UVA|AVENIDA|ARNULFO M. VALDÉS|01001461130000151001000000U5
14384|6282383|431110|8128|6282383|01|AGUASCALIENTES|001|Aguascalientes|0001|Aguascalientes|CASA RENTERIA||431110|Comercio al por mayor de abarrotes|0 a 5 personas|CALLE|TRIGO|68|||FRACCIONAMIENTO|CENTRO COMERCIAL AGROPECUARIO|CENTRO COMERCIAL AGROPECUARIO|68 69 70|20135|1975|021||||2011-03|21.91184234|-102.29672254|CENTRAL DE ABASTO|PRIVADA|NINGUNO|CALLE|UVA|CALLE|MAÍZ|01001431211000011010000145S6
14384|6281394|431130|8129|6281394|01|AGUASCALIENTES|001|Aguascalientes|0001|Aguascalientes|CASA RENTERIA||431130|Comercio al por mayor de frutas y verduras frescas|11 a 30 personas|CALLE|COMERCIO|122|||COLONIA|CENTRO COMERCIAL AGROPECUARIO|CENTRO COMERCIAL AGROPECUARIO|122|20135|1975|023||ROSY_RENTERIAV@YAHOO.COM.MX||2010-07|21.91292158|-102.29674022|CENTRAL DE ABASTO|VIADUCTO|NINGUNO|CALLE|UVA|CALLE|MESONES|01001431130000253000000145M6
14384|11997|431130|8130|11997|01|AGUASCALIENTES|001|Aguascalientes|0001|Aguascalientes|CASA VAZQUEZ||431130|Comercio al por mayor de frutas y verduras frescas|0 a 5 personas|AVENIDA|ARNULFO M. VALDES|306||306|COLONIA|CENTRO COMERCIAL AGROPECUARIO|||20135|1975|039|4493296284|||2010-07|21.91424798|-102.29396535||AVENIDA|INDEPENDENCIA|BOULEVARD|BOULEVARD A ZACATECAS|CALLE|NINGUNO|01001431130000931000000000U7
14384|12235|431180|8131|12235|01|AGUASCALIENTES|001|Aguascalientes|0001|Aguascalientes|CASA VAZQUEZ||431180|Comercio al por mayor de dulces y materias primas para repostería|0 a 5 personas|CALLE|DURAZNO|22|||COLONIA|CENTRO COMERCIAL AGROPECUARIO|||20135|1975|026|4499121200|CASAVAZQUES@HOTMAIL.COM||2010-07|21.91321991|-102.29303154||CALLE|MANZANO|CALLE|CHABACANO|CALLE|COMERCIO|01001461190001351000000000U4
14384|10873|431130|8132|10873|01|AGUASCALIENTES|001|Aguascalientes|0001|Aguascalientes|CASA ZAMORA||431130|Comercio al por mayor de frutas y verduras frescas|0 a 5 personas|CALLE|MESONES|225||0|COLONIA|CENTRO COMERCIAL AGROPECUARIO|||20135|1975|043|4499141006|||2010-07|21.91356514|-102.29505224||CALLE|TIANGUIS|PRIVADA|NINGUNO|AVENIDA|ARNULFO M. VALDÉS|01001461130002511000000000U8
14386|2009678|461140|8133|2009678|15|MÉXICO                      |075|San Martín de las Pirámides|0001|San Martín de las Pirámides|SEMILLAS Y CHILES SECOS EL NUEVO MILENIO||461140|Comercio al por menor de semillas y granos alimenticios, especias y chiles secos|0 a 5 personas|CALLE|16 DE SEPTIEMBRE|||99|LOCALIDAD|SAN MARTIN DE LAS PIRAMIDES|||55850|0154|006||||2010-07|19.70217198|-98.83599589||CALLE|PRIMERO DE MAYO|CALLE|5 DE MAYO|CALLE|IGNACIO ZARAGOZA|15075461140000041000000000U5
14388|1863456|531113|8134|1863456|14|JALISCO|097|Tlajomulco de Zúñiga|0424|La Tijera|QUINTA CANELA EVENTOS|GLADIOLA EVENTOS SA DE CV|531113|Alquiler sin intermediación de salones para fiestas y convenciones|11 a 30 personas|CALLE|GLADIOLA|673|||COLONIA|LA TIJERA|||45640|0975|012|36121416|||2010-07|20.58531698|-103.43714780||CALLE|AZUCENA|CALLE|JAZMIN|CALLE|ROSAL|14097531113000432001000000U4
14388|7997790|531113|8135|7997790|20|OAXACA|039|Heroica Ciudad de Huajuapan de León|0001|Heroica Ciudad de Huajuapan de León|SALON DE EVENTOS SOCIALES GLADIOLAS||531113|Alquiler sin intermediación de salones para fiestas y convenciones|0 a 5 personas|PRIVADA|SIN REFERENCIA|1||0|COLONIA|LAS HUERTAS|||69000|045A|032||||2019-11|17.79959579|-97.77741442||CALLE|GLADIOLAS|PRIVADA|LIRIOS|CALLE|GARDENIAS|20039531113000221000000000U5
14389|8972146|468213|8136|8972146|14|JALISCO|120|Zapopan|0001|Zapopan|GRUPO LOYGA|GRUPOLOYGA SA DE CV|468213|Comercio al por menor de llantas y cámaras para automóviles, camionetas y camiones|0 a 5 personas|AVENIDA|TEPEYAC|4288|||CIUDAD|CIUDAD DELOS NIÑOS|||45040|1282|016||||2019-11|20.65947250|-103.41301311||CALLE|SANTA TERESA DE JESUS|AVENIDA|TEPEYAC|CALLE|ROBERTO CUÉLLAR|14120468213001171000049157S2
14389|1808875|468213|8137|1808875|14|JALISCO|120|Zapopan|0001|Zapopan|LLANTAS Y SERVICIO GRUPO LOYGA|GRUPO LOYGA SA DE CV|468213|Comercio al por menor de llantas y cámaras para automóviles, camionetas y camiones|6 a 10 personas|AVENIDA|MANUEL J. CLOUTHIER|462|||COLONIA|LOMAS DE GUADALUPE|||45038|2971|027|3314046200||WWW.GRUPOLOYGA.COM|2010-07|20.66744887|-103.41903109||CALLE|SANTO TOMAS DE AQUINO|CALLE|SAN JUAN BOSCO|CALLE|PINTORES|14120468213000502000049026S9
14389|1808890|811116|8138|1808890|14|JALISCO|120|Zapopan|0001|Zapopan|GRUPO LOYGA|GRUPO LOYGA SA DE CV|811116|Alineación y balanceo de automóviles y camiones|11 a 30 personas|AVENIDA|DE LA PATRIA|687|||COLONIA|JARDINES DE GUADALUPE|||45030|1278|007|3331243035|||2010-07|20.66402750|-103.42367594||AVENIDA|SAN LUIS GONZAGA|AVENIDA|GUADALUPE|CALLE|DOCTORES|14120811116000232000049026M2
14389|7898127|811191|8139|7898127|14|JALISCO|120|Zapopan|0001|Zapopan|GRUPO LOYGA|GRUPOLOYGA SA DE CV|811191|Reparación menor de llantas|0 a 5 personas|AVENIDA|NICOLAS COPERNICO|4140|||COLONIA|ARBOLEDAS 1A SECC|||45070|4465|014|||WWW.GRUPOLOYGA.COM|2019-11|20.63107180|-103.42379977||CALLE|NICOLAS COPERNICO|CALLE|PEDRO SIMON LAPLACE|CALLE|VÍA LÁCTEA|14120811191003661000049157M2
14390|7614189|465912|8140|7614189|09|CIUDAD DE MÉXICO|011|Tláhuac|0001|Tláhuac|TIEBDA DE REGALOS Y NOVEDADES CAJA MAGICA||465912|Comercio al por menor de regalos|0 a 5 personas|CALLE|FRANCISCO VILLA||||COLONIA|GUADALUPE TLALTENCO|||13450|0151|003||||2019-11|19.29535670|-99.00988619||CALLE|CARLOS A. VIDAL|CALLE|ISABEL LA CATOLICA|CALLE|GENERAL PEDRO MARÍA ANAYA|09011465912005751000000000U5
14390|1696861|322210|8141|1696861|14|JALISCO|120|Zapopan|0001|Zapopan|CAJAS Y NOVEDADES|CAJAS Y NOVEDADES SA DE CV|322210|Fabricación de envases de cartón|11 a 30 personas|CALLE|VOLCAN CEBORUCO|1905||0|COLONIA|COLLI URBANO|||45070|4431|007||ALEJANDRA@CAJASYNOVEDADES.COM|WWW.CAJASYNOVEDADES.COM|2014-12|20.64564736|-103.43635883||CALLE|VOLCAN AJUSCO|CALLE|VOLCAN JORULLO|CALLE|VOLCÁN DE COLIMA|14120322210000422001000000U2
14395|9021383|561510|8142|9021383|14|JALISCO|120|Zapopan|0001|Zapopan|AGENCIA DE  VIAJES EDENIA|VIAJES LEONARWILL SA DE CV|561510|Agencias de viajes|0 a 5 personas|AVENIDA|MANUEL J. CLOUTHIER|888|||COLONIA|JARDINES DE GUADALUPE|||45030|1278|002|||WWW.VIAJESLEONARWILL.COM|2019-11|20.65979699|-103.42226323||CALLE|SAN MIGUEL|AVENIDA|DE LA PATRIA|CALLE|ABOGADOS|14120561510002401000000000S7
14395|1961410|561510|8143|1961410|14|JALISCO|039|Guadalajara|0001|Guadalajara|AGENCIA DE VIAJES EDENIA LEONARWILL||561510|Agencias de viajes|0 a 5 personas|AVENIDA|FRAY ANTONIO ALCALDE|896|||COLONIA|CENTRO|||44270|0670|008|3339599526|MARICELA@VIAJESLEONARWILL.COM|WWW.VIAJESLEONARWILL.COM|2014-12|20.69039455|-103.34803099||CALLE|GABRIELA MISTRAL|CALLE|TORRES QUINTERO|CALLE|JUAN CANO|14039561510002831000000000S7
14395|8364775|561510|8144|8364775|14|JALISCO|039|Guadalajara|0001|Guadalajara|AGENCIA DE VIAJES LEONARWILL|AGENCIA DE VIAJES LEONARWILL SA DE CV|561510|Agencias de viajes|0 a 5 personas|CALLE|INDUSTRIA|1674|||COLONIA|LAS HUERTAS|||44739|1429|013||||2019-11|20.67482360|-103.31151348||CALLE|SEBASTIAN ALLENDE|CALLE|IGNACIO MACHAIN|CALLE|REPÚBLICA|14039561510004751000000000S5
14395|1694915|561510|8145|1694915|14|JALISCO|120|Zapopan|0001|Zapopan|AGENCIA DE VIAJES LEONARWILL|LEONARWILL SA DE CV|561510|Agencias de viajes|0 a 5 personas|AVENIDA|18 DE MARZO|5868||0|MANZANA|LAS AGUILAS|||45080|0710|009|3336323776|LULU@LEONARWILL.COM|WWW.VIAJESLEONARWILL.COM/LEONARWILL|2014-12|20.62790641|-103.41012080||CALLE|SIERRA DE PEROTE|CALLE|SIERRA DE AUTLAN|CALLE|SIERRA DE MAZAMITLA|14120561510001111000000000U3
14395|1830441|561510|8146|1830441|14|JALISCO|120|Zapopan|0001|Zapopan|VIAJES LEONARWILL.   AGENCIA DE VIAJES|AGENCIA DE LEONARWILL SA DE CV|561510|Agencias de viajes|11 a 30 personas|AVENIDA|MARIANO OTERO|5420||2|COLONIA|FRACC LAS ARBOLEDAS|||45079|5459|020|3336322800||WWW.VIAJESLEONARWILL.COM|2010-07|20.63433365|-103.42563679||CALLE|ENRIQUE LADRON DE GUEVARA|CALLE|SALVADOR REYES|CALLE|ARACELI SOUZA|14120561510000943000000000U0
14397|1751077|312142|8147|1751077|14|JALISCO|097|Tlajomulco de Zúñiga|0117|Jardines de la Calera|DESTILADORA LOS MAGOS|DESTILADORA LOS MAGOS SA DE CV|312142|Elaboración de bebidas destiladas de agave|6 a 10 personas|CALZADA|MARGARITAS|177|||COLONIA|JARDINES DE LA CALERA|||45676|059A|010||DESMAGOS@YAHOO.COM.MX|WWW.DESTILADORALOSMAGOS.COM.MX|2014-12|20.45643841|-103.27060804||CALZADA|DEL TREBOL|CALLE|PUENTE DE LAS FLORES|CALZADA|TLAJOMULCO|14097312142000022000000000U7
14398|9316517|236221|8148|9316517|14|JALISCO|039|Guadalajara|0001|Guadalajara|CONSTRUCTORA DEJEVE|CONSTRUCTORA TGV SA DE CV|236221|Edificación de inmuebles comerciales y de servicios, excepto la supervisión|0 a 5 personas|AVENIDA|VALLARTA|4010|||COLONIA|VALLARTA SAN JORGE|||44690|1274|043||CONSTRUCTORADEJEVE@HOTMAIL.COM|WWW.CONSTRUCTORADEJEVE.COM.MX|2020-11|20.67476052|-103.40178168||AVENIDA|INGLATERRA|CALLE|LEÑADORES|AVENIDA|INGLATERRA|14039236221003201000000000U3
14398|6146792|236111|8149|6146792|14|JALISCO|039|Guadalajara|0001|Guadalajara|CONSTRUCTORA TGV SA DE CV|CONSTRUCTORA TGV SA DE CV|236111|Edificación de vivienda unifamiliar|0 a 5 personas|OTRO (ESPECIFIQUE)|DIAGONAL VALLARTA SAN JORGE|4010||103|COLONIA|VALLARTA||||158A|003||||2010-07|20.67236206|-103.36919377||AVENIDA|CHAPULTEPEC SUR|CALLE|MARSELLA|CALLE|LOPEZ COTILLA|14039236221000391000000000U3
14402|9057119|315229|8150|9057119|21|PUEBLA|041|Cuautlancingo|0001|San Juan Cuautlancingo|OPERADORA DE TEXTILES DE MEXICO|OPERADORA DE TEXTILES DE MEXICO SA DE CV|315229|Confección en serie de otra ropa exterior de materiales textiles|6 a 10 personas|OTRO (ESPECIFIQUE)|NINGUNO|95||93|BARRIO|EL CALVARIO|||72730|0109|091||||2019-11|19.11412723|-98.26346739||CALLE|NINGUNO|CALLE|NINGUNO|OTRO (ESPECIFIQUE)|NINGUNO|21041315229000072000000000S3
14407|8039440|313210|8151|8039440|21|PUEBLA|114|Puebla|0001|Heroica Puebla de Zaragoza|ALR SERVICIOS INTEGRALES SA DE CV||313210|Fabricación de telas anchas de tejido de trama|6 a 10 personas|CERRADA|INDEPENDENCIA|13|||COLONIA|TEPEYAC|||72210|150A|016||||2019-11|19.07074675|-98.18002049||OTRO (ESPECIFIQUE)|NINGUNO|OTRO (ESPECIFIQUE)|NINGUNO|OTRO (ESPECIFIQUE)|NINGUNO|21114313210000812000000000U9
14408|2774409|813230|8152|2774409|17|MORELOS|007|Cuernavaca|0001|Cuernavaca|ASOCIACIÓN MORELOS AUTOMOVILÍSTICA|ASOCIACION MORELOS AUTOMOVILISTICA SA DE CV|813230|Asociaciones y organizaciones civiles|31 a 50 personas|AVENIDA|EMILIANO ZAPATA|208|||COLONIA|TLALTENANGO|||62170|0079|011||MARISOL.JUAN@AMACUERNAVACA.COM.MX|WWW.AMACUERNAVACA.COM.MX|2010-07|18.94431325|-99.24272495||CALLE|ACACIAS|CALLE|CALLE DEL ARTISTA|CALLE|ACACIAS|17007813230000484000000000U2
14414|2772041|434224|8153|2772041|17|MORELOS|007|Cuernavaca|0001|Cuernavaca|VENTA DE MADERA PLACACENTRO MADERAS CUERNAVACA|TABLEMOR SA DE CV|434224|Comercio al por mayor de madera para la construcción y la industria|0 a 5 personas|CALLE|20 DE NOVIEMBRE|10|||PUEBLO|BARRIO TEPEPAN|||62220|0581|007|7773825633|ERICK.QUIROZ@GRUPOBURGOS.COM.MX|WWW.MADERASBURGOS.COM|2010-07|18.96748773|-99.21473049||AVENIDA|IGNACIO ZARAGOZA|CALLE|GALEANA|CALLE|TRES CRUCES|17007434224000233001000000U5
14416|6147584|236221|8154|6147584|17|MORELOS|007|Cuernavaca|0001|Cuernavaca|DICONTECH SA DE CV|DICONTECH SA DE CV|236221|Edificación de inmuebles comerciales y de servicios, excepto la supervisión|51 a 100 personas|OTRO (ESPECIFIQUE)|AJUSCO|13||||BUENAVISTA||||0967|006||||2010-07|18.96257770|-99.24867754||CALLE|Ajusco|PRIVADA|Ajusco|CALLE|Ajusco|17007236111000355000000000U5
14420|6700487|435419|8155|6700487|17|MORELOS|007|Cuernavaca|0001|Cuernavaca|MICOMP DISTRIBUIDORA DE EQUIPO DE SEGURIDAD|MICOMP SA DE CV|435419|Comercio al por mayor de otra maquinaria y equipo de uso general|0 a 5 personas|CALLE|SUBIDA DEL CLUB|30|||COLONIA|UNIDAD HAB BASE TRANQUILIDAD|||62200|1132|007|7773116312|MIKE_MONTIEL@HOTMAIL.COM||2016-01|18.94589874|-99.22580235||CALLE|BAJADA DEL CLUB|CALLE|MONTE FALCO|CALLE|BAJADA DEL CLUB|17007435419000451000000000U8
14422|8974437|332310|8156|8974437|17|MORELOS|018|Temixco|0001|Temixco|CONSTRUYES|CONSTRUYE SOTO SA DE CV|332310|Fabricación de estructuras metálicas|11 a 30 personas|CALLE|NINGUNO|163|||COLONIA|RUBEN JARAMILLO|||62587|027A|034||FINANZAS@CONSTRUYES.COM.MX|CONSTRUYES.COM.MX|2019-11|18.83013881|-99.24075366||CALLE|REVOLUCION MEXICANA|CALLE|REVOLUCION CUBANA|CALLE|NINGUNO|17018332310000013000000000U8
14423|9198689|713998|8157|9198689|17|MORELOS|020|Tepoztlán|0001|Tepoztlán|OPERADORA TURISTICA TEPOZTLAN||713998|Otros servicios recreativos prestados por el sector privado|0 a 5 personas|AVENIDA|5 DE MAYO|42|||BARRIO|SAN MIGUEL|||62520|0028|013||||2019-11|18.98387250|-99.10201422||CALLE|LAS INDUSTRIAS|PRIVADA|NINGUNO|CALLE|PARAÍSO|17020713998000011000000000U9
14423|6361545|721111|8158|6361545|17|MORELOS|020|Tepoztlán|0001|Tepoztlán|HOTEL REAL DEL VALLE|TURISTICA TEPOZTLAN SA DE CV|721111|Hoteles con otros servicios integrados|6 a 10 personas|AVENIDA|REVOLUCIÓN DE 1910|90||0|BARRIO|SAN JOSÉ|||62520|009A|001||RESERVACIONES@HOTELREALDELVALLE.COM.MX|WWW.HOTELREALDELVALLE.COM.MX|2010-07|18.98302743|-99.09276497||CALLE|TEJERÍA|CALLE|LA PRESA|CALLE|TEJERÍA|17020721111000103000000000U4
14424|2798206|561790|8159|2798206|17|MORELOS|007|Cuernavaca|0001|Cuernavaca|TECNOLOGIA AQUATICA|TECNOLOGIA AQUATICA SA DE CV|561790|Otros servicios de limpieza|6 a 10 personas|AVENIDA|PODER LEGISLATIVO|13||0|COLONIA|LOMAS DE LA SELVA|||62270|0168|042|7773112392|MSA_AQUATICA@HOTMAIL.COM|WWW.AQUATICACOM.MX|2014-12|18.93804258|-99.23066281||CALLE|GUSTAVO GOMEZ AZCARATE|AVENIDA|PODER LEGISLATIVO|AVENIDA|DOMINGO DIEZ|17007561790000081001000000U3
14428|6362048|461121|8160|6362048|17|MORELOS|029|Yautepec|0005|Cocoyoc|DISTRIBUIDORA DE CARNES COCOYOC|DISTRIDUDORA DE CARNES COCOYOC SA DE CV|461121|Comercio al por menor de carnes rojas|11 a 30 personas|CARRETERA|CARRETERA CUAUTLACUERNAVACA KILOMETRO 3|0||0|COLONIA|LUCIO MORENO|||62736|0201|044||ADMINISTRACION@DISTRIBUIDORACOCOYOC.COM.MX||2010-07|18.88378001|-98.98432746||CALLE|CONSTITUCIÓN|CALLE|MIGUEL HIDALGO|CALLEJON|DE ALLENDE|17029461121000944001000000U5
14429|2848537|722511|8161|2848537|17|MORELOS|029|Yautepec|0013|Oaxtepec|RESTAURANTE QUETZALLI|PROCESADORA DE ALIMENTOS LA CARRETA SA DE CV|722511|Restaurantes con servicio de preparación de alimentos a la carta o de comida corrida|11 a 30 personas|CIRCUITO|NINGUNO||||COLONIA|CENTRO VACACIONAL OAXTEPEC|||62738|0273|003|7351023843|ADMOL@RESTAURANTQUETZALLI.COM||2010-07|18.89871267|-98.97070438||CALLE|CENTRO VACACIONAL|CALLE|CENTRO VACACIONAL|CALLE|CENTRO VACACIONAL|17029722110000303001000000U2
14430|6212348|464111|8162|6212348|17|MORELOS|002|Atlatlahucan|0001|Atlatlahucan|FARMACIA SIMILARES|GRUPO BACMO SA DE CV|464111|Farmacias sin minisúper|0 a 5 personas|CALLE|ABASOLO||||BARRIO|LOS REYES|||62840|0087|013|7353514960|GRUPOBACMOSA@HOTMAIL.COM||2010-07|18.93652003|-98.89566840||CALLE|MISION CULTURAL|CALLE|INDEPENDENCIA|CALLE|ALLENDE|17002464111000051000049301S4
14430|2809794|464111|8163|2809794|17|MORELOS|006|Cuautla|0001|Cuautla|FARMACIA SIMILARES|GRUPO BACMO SA DE CV|464111|Farmacias sin minisúper|6 a 10 personas|AVENIDA|AVENIDA DEL FERROCARRIL||||COLONIA|IGNACION ZARAGOZA|||62747|0334|001|7353946888|ADDYBASTERISC@HOTMAIL.COM||2014-12|18.84284781|-98.93701081||CALLE|RAFAEL ARIAS|CALLE|GREGORIO TORRES QUINTERO|AVENIDA|SOCAVONES|17006464111001221001049301S3
14430|2819483|464111|8164|2819483|17|MORELOS|029|Yautepec|0013|Oaxtepec|FARMACIA SIMILARES|GRUPO BACMO SA DE CV|464111|Farmacias sin minisúper|0 a 5 personas|AVENIDA|NACIONAL||||COLONIA|OAXTEPEC CENTRO|||62738|0127|004||||2013-07|18.91994832|-98.97079999||CALLE|24 DE FEBRERO|CALLE|21 MARZO|CALLE|PRIMERO DE MAYO|17029464111000521000049301M9
14430|8436787|464111|8165|8436787|17|MORELOS|029|Yautepec|0013|Oaxtepec|FARMACIAS SIMILARES|GRUPO BACMO SA DE CV|464111|Farmacias sin minisúper|0 a 5 personas|CALLE|REFORMA|0||0|COLONIA|OAXTEPEC CENTRO|||62738|0108|008||||2019-11|18.90712648|-98.97003804||CALLE|EMPERADOR|AVENIDA|SAN JUAN|AVENIDA|SAN JUAN|17029464113000271000049301S7
14430|8973267|464111|8166|8973267|17|MORELOS|006|Cuautla|0001|Cuautla|FARMACIAS SIMILARES|GRUPO BACMO SA DE CV|464111|Farmacias sin minisúper|0 a 5 personas|CALLE|FORTIN COSTEÑO||||COLONIA|CENTRO|||62740|0546|010||||2019-11|18.81370028|-98.94952519||CALLE|SAN MARTIN|CALLE|DEL CENTINELA|CALLE|DEFENSA DEL AGUA|17006464111002371000049301S5
14430|8973411|464111|8167|8973411|17|MORELOS|006|Cuautla|0001|Cuautla|FARMACIAS SIMILARES|GRUPO BACMO SA DE CV|464111|Farmacias sin minisúper|0 a 5 personas|CALLE|CARRETERA MEXICO-OAXACA|506|||COLONIA|PLAN DE AYALA|||62743|0616|012||||2019-11|18.80486612|-98.93551097||CALLE|INDEPENDENCIA|CALLE|DOS SUR|AVENIDA|DOS ORIENTE|17006464111002381000049301S4
14430|2810160|464111|8168|2810160|17|MORELOS|006|Cuautla|0001|Cuautla|FARMACIAS SIMILARES AVIONETAS|GRUPO BACMO SA DE CV|464111|Farmacias sin minisúper|6 a 10 personas|AVENIDA|CARRETERA CUAUTLA-CUERNAVACA||||AMPLIACION|VICENTE GUERRERO|||62748|0832|021||||2010-07|18.85742467|-98.95873985||CALLE|BUGAMBILIAS|AVENIDA|AVENIDA DE LAS AVIONETAS|AVENIDA|AVENIDA DE LAS AVIONETAS|17006464111001211001049301S4
14430|2809161|464111|8169|2809161|17|MORELOS|006|Cuautla|0001|Cuautla|FARMACIAS SIMILARES CENTRAL DE ABASTO|GRUPO BACMO SA DE CV|464111|Farmacias sin minisúper|0 a 5 personas|CALLE|CARRETERA MEXICO-CUAUTLA||||AMPLIACION|TETELCINGO|||62757|0137|044||||2014-12|18.86654828|-98.92984575||CALLE|NINGUNO|CIRCUITO|NINGUNO|CALLE|ANTIGUO CAMINO A CASASANO|17006464111001241000049301S1
14432|4632|811116|8170|4632|01|AGUASCALIENTES|001|Aguascalientes|0001|Aguascalientes|SERVICIO GONZALEZ GASCON|SERVICIO GONZALEZ GASCON SA DE CV|811116|Alineación y balanceo de automóviles y camiones|6 a 10 personas|AVENIDA|AYUNTAMIENTO|613||0|FRACCIONAMIENTO|LOS CEDROS|||20270|0888|054||GONZALEZGASCON@HOTMAIL.COM||2010-07|21.87056523|-102.28950734||CALLE|DOCTOR JESUS DIAZ DE LEON|CALLE|CALLE DE LOS PLACERES|CALLE|CALLE DE LOS PLACERES|01001811116000283001000000U2
14434|6142217|237131|8171|6142217|01|AGUASCALIENTES|001|Aguascalientes|0001|Aguascalientes|SUSAR LIDER ELECTRICO, S.A. DE C.V.|SUSAR LIDER ELECTRICO SA DE CV|237131|Construcción de obras de generación y conducción de energía eléctrica|11 a 30 personas|CALLE|TEOTIHUACÁN|103||0|FRACCIONAMIENTO|PIRAMIDES|||20277|159A|037||SUSARELEC@GMAIL.COM||2010-07|21.85141122|-102.27782762||CALLE|TULA|CALLE|MITLA|CALLE|MEZCALA|01001237131000073000000000U2
14435|9328249|236211|8172|9328249|01|AGUASCALIENTES|001|Aguascalientes|0001|Aguascalientes|GRUPO GUERRERO CONTRERAS|CENTRAL DAGAMAS SA DE CV|236211|Edificación de naves y plantas industriales, excepto la supervisión|0 a 5 personas|CALLE|Doctor Jesús Díaz de León|311||0|BARRIO|DEL ENCINO|||20240|0708|002||||2020-11|21.87840436|-102.29358231||CALLE|Calle del Sol|CALLE|Héroes de Chapultepec|CALLE|Cristóbal Colón|01001236211000531000000000U5
14437|29141|236221|8173|29141|01|AGUASCALIENTES|001|Aguascalientes|0001|Aguascalientes|CONSTRUCTORA ALMER, SA DE CV|CONSTRUCTORA ALMER SA DE CV|236221|Edificación de inmuebles comerciales y de servicios, excepto la supervisión|11 a 30 personas|CALLE|COSIO SUR|234|||COLONIA|ZONA CENTRO|||20000|0712|002||CONSTRUCTORAALMER@GMAIL.COM||2014-12|21.88096445|-102.28624195||CALLE|FRANCISCO G. HORNEDO|PRIVADA|MARTE|CALLE|DIANA|01001236111001521011000000U2
